home_starter_era,home_starter_whip,home_starter_k9,away_starter_era,away_starter_whip,away_starter_k9,home_bat_runs_pg,away_bat_runs_pg,home_bullpen_era,away_bullpen_era,home_form_l10,away_form_l10,park_factor,temp_f,wind_signed,home_win,total_runs
2.714,0.9,10.623,5.046,1.088,9.801,4.659,4.607,4.015,4.272,0.727,0.52,0.985,66.3,-0.32,0,10
3.821,1.019,7.283,3.611,1.01,9.929,4.934,4.671,5.389,4.107,0.684,0.409,0.98,60.3,3.35,1,10
2.0,0.9,7.095,2.938,0.913,7.42,5.562,4.064,3.551,4.093,0.416,0.437,1.003,85.9,-15.0,0,2
2.383,0.9,7.645,4.108,0.962,9.43,4.571,4.244,3.838,3.769,0.515,0.566,1.053,68.9,1.18,0,8
4.548,1.035,8.249,4.499,1.017,8.274,4.946,4.7,4.254,3.778,0.707,0.4,0.95,63.7,0.94,0,6
3.756,0.998,6.808,3.976,0.956,10.486,4.108,4.365,2.5,2.5,0.459,0.597,0.94,80.1,1.72,1,11
4.881,1.046,6.555,3.114,0.9,8.475,4.013,4.365,4.13,3.827,0.692,0.436,0.932,67.9,4.46,0,11
2.812,0.9,7.456,2.0,0.9,7.952,4.617,4.686,4.648,4.547,0.401,0.364,1.036,65.6,-5.29,1,8
3.618,1.077,10.372,4.709,1.052,7.859,4.801,3.563,3.218,2.966,0.496,0.39,0.91,64.6,10.2,1,7
2.3,0.9,9.624,4.147,1.006,8.003,4.514,4.753,3.346,5.182,0.334,0.383,0.957,65.9,-2.45,0,6
4.062,0.9,7.369,4.512,1.052,6.495,4.116,3.996,4.062,4.298,0.522,0.527,0.964,52.0,8.97,0,13
4.441,1.054,9.098,3.948,1.012,8.374,4.583,4.101,2.566,3.994,0.461,0.516,0.993,78.0,-1.01,0,5
6.432,1.21,9.198,2.783,0.934,7.178,3.14,4.28,3.869,3.878,0.527,0.455,0.943,57.8,-5.08,1,5
4.419,1.074,10.765,4.478,1.012,9.853,3.445,5.121,3.526,5.119,0.515,0.569,1.04,66.5,10.35,1,8
5.505,1.095,9.094,3.424,0.9,10.39,4.747,3.694,4.935,4.337,0.339,0.308,0.94,89.5,9.87,1,10
4.278,1.058,8.895,2.0,0.9,9.5,4.787,5.584,4.73,4.837,0.548,0.488,0.889,70.3,-6.78,0,8
3.833,0.987,7.999,4.696,1.018,9.951,4.971,4.162,3.318,4.394,0.381,0.8,0.987,79.6,8.38,1,10
4.709,1.02,7.729,2.894,0.9,10.037,4.471,5.833,4.115,4.176,0.582,0.43,1.177,67.2,-9.0,1,9
4.602,1.017,11.893,4.679,1.013,5.994,4.455,3.98,4.233,3.656,0.551,0.499,1.07,78.8,-1.84,1,9
3.084,0.9,7.768,3.652,0.956,9.116,4.612,3.386,4.786,4.351,0.582,0.464,1.057,91.4,-9.72,0,9
2.265,0.9,6.397,2.27,0.9,6.647,4.547,6.5,5.595,3.101,0.504,0.341,1.165,46.6,3.66,1,9
2.347,0.9,5.739,5.47,1.128,8.793,5.856,4.007,3.009,3.812,0.478,0.498,1.023,64.9,1.42,1,13
3.072,0.993,6.782,4.197,1.014,9.253,3.585,3.073,4.043,2.5,0.333,0.743,1.086,49.9,4.91,1,5
3.329,0.9,8.481,3.735,0.95,12.323,5.306,5.753,4.233,4.756,0.323,0.654,0.958,78.7,0.9,0,12
3.152,0.94,10.809,2.74,0.9,6.538,4.211,5.624,4.661,5.483,0.338,0.342,0.979,85.7,-1.89,0,10
3.282,0.9,7.621,3.261,0.937,5.681,4.885,4.39,3.309,3.712,0.52,0.669,1.082,81.8,-2.21,1,4
4.484,1.001,9.253,5.984,1.152,11.829,3.533,4.192,2.733,4.286,0.416,0.529,1.145,54.2,-1.21,0,8
4.85,1.096,5.514,3.493,0.944,9.889,3.491,5.054,3.618,5.637,0.408,0.284,1.13,94.2,-5.61,0,10
2.029,0.9,10.134,5.68,1.138,5.939,4.777,5.554,4.648,4.631,0.477,0.475,0.905,57.2,-0.57,0,10
3.818,0.965,7.771,4.631,1.117,8.306,6.24,4.591,5.101,2.538,0.58,0.561,0.928,57.9,-1.47,0,8
2.165,0.9,10.639,2.0,0.9,8.906,5.261,4.245,4.014,3.593,0.334,0.533,0.955,46.0,-3.29,1,10
5.457,1.076,7.938,3.05,0.9,6.212,3.831,4.727,3.808,5.279,0.556,0.661,1.019,62.5,-1.87,1,12
4.593,1.094,6.048,3.184,0.929,9.541,5.064,4.999,3.63,4.764,0.381,0.541,0.995,84.4,1.27,0,10
3.255,0.9,9.977,4.553,1.064,9.159,4.921,3.861,3.668,5.339,0.414,0.417,0.973,82.9,3.98,1,8
3.129,0.926,10.676,2.0,0.9,5.713,4.969,3.0,4.751,3.534,0.345,0.626,1.078,59.2,-1.85,0,4
5.257,1.179,6.655,3.467,0.937,7.648,4.102,4.475,3.979,3.831,0.566,0.582,0.95,77.6,-1.49,0,10
2.615,0.928,8.626,3.99,0.997,9.367,4.445,4.474,3.357,4.31,0.438,0.466,1.05,72.7,-4.35,1,10
5.099,1.104,9.235,4.399,1.026,9.486,4.055,4.612,3.986,2.996,0.344,0.654,1.083,71.3,3.31,0,13
3.19,1.011,10.739,3.484,0.921,9.859,5.561,6.5,3.753,4.904,0.415,0.457,0.992,54.5,8.56,0,7
2.234,0.9,7.97,3.202,0.976,8.174,4.319,5.526,3.127,3.292,0.702,0.544,1.09,77.2,2.49,0,12
3.586,0.959,7.356,5.774,1.252,6.755,4.287,6.5,4.085,4.252,0.28,0.627,0.949,88.2,0.25,1,11
2.656,0.9,9.276,2.0,0.917,8.446,3.466,4.133,4.119,2.822,0.334,0.553,1.027,66.6,3.2,1,11
4.743,1.089,7.809,6.084,1.148,10.048,4.568,5.619,4.657,4.452,0.515,0.312,1.054,45.0,10.08,1,17
4.975,1.092,6.76,3.471,0.919,7.924,5.638,4.628,4.561,3.635,0.266,0.518,1.041,85.5,-15.0,0,12
4.797,1.049,6.811,3.575,0.995,7.283,3.148,6.064,5.327,4.765,0.551,0.453,0.975,74.7,-8.15,0,14
4.69,1.058,6.851,4.053,0.982,7.708,3.813,5.934,2.979,4.849,0.461,0.363,1.113,67.3,-6.35,1,4
3.993,0.994,5.831,4.132,1.014,8.944,4.048,4.432,3.763,4.038,0.471,0.8,0.99,62.1,-1.45,1,13
4.56,1.017,9.503,4.141,1.063,6.599,4.359,4.363,4.284,3.371,0.482,0.518,0.999,80.4,-4.56,0,14
4.159,1.038,5.499,4.594,1.114,8.519,5.174,5.495,3.144,2.5,0.364,0.415,1.072,71.8,6.43,1,8
2.0,0.9,9.511,4.322,1.086,6.688,3.433,5.383,3.999,4.29,0.681,0.386,0.965,67.2,-6.46,0,8
2.822,0.915,5.0,2.0,0.9,8.229,3.0,5.741,2.558,4.431,0.422,0.385,1.126,54.1,-2.03,0,9
4.719,1.088,8.679,3.554,0.9,7.511,5.091,4.368,4.91,4.123,0.35,0.702,0.885,62.8,3.98,1,11
2.0,0.9,7.534,4.977,1.092,8.935,5.087,4.39,2.5,5.605,0.322,0.709,0.943,65.9,4.26,1,4
4.533,0.996,11.87,5.586,1.099,6.346,3.41,4.313,4.978,4.477,0.601,0.635,1.003,66.9,-0.15,1,13
2.0,0.9,6.83,4.862,1.131,8.21,4.452,4.295,3.929,3.582,0.42,0.241,0.97,69.4,2.22,1,6
3.639,1.02,7.848,4.037,0.947,8.998,4.544,3.724,4.025,4.65,0.643,0.499,0.923,72.8,0.55,1,8
5.211,1.116,11.525,3.05,0.936,6.472,5.538,4.125,3.802,3.101,0.274,0.627,0.989,80.5,8.21,0,13
3.59,0.941,11.282,3.629,0.918,10.066,3.701,5.148,5.018,2.91,0.371,0.497,1.154,76.8,-5.05,0,9
4.331,1.021,8.913,4.261,0.96,10.126,5.675,4.415,2.779,4.937,0.578,0.615,0.955,74.3,-10.18,1,12
3.758,0.964,8.158,3.293,0.955,10.457,4.14,4.783,4.951,3.513,0.468,0.466,0.922,65.3,5.08,1,3
5.763,1.08,7.668,5.958,1.161,9.21,3.84,5.998,5.309,2.5,0.647,0.569,0.947,77.3,-7.26,0,7
5.258,1.186,8.715,4.33,1.05,11.169,4.587,5.392,3.865,2.727,0.541,0.616,1.114,49.3,2.74,1,12
6.284,1.167,8.37,2.638,0.9,5.309,3.425,4.798,2.5,2.903,0.636,0.425,1.06,74.5,-10.38,0,8
2.733,0.9,8.702,3.984,1.014,7.886,4.889,4.089,4.357,4.086,0.633,0.7,0.866,80.4,-4.52,0,12
4.399,1.026,6.812,2.0,0.9,8.131,3.07,4.854,2.5,4.504,0.511,0.299,1.008,63.2,-2.15,1,10
3.216,1.005,10.633,4.555,1.067,6.416,3.985,5.687,6.0,3.638,0.305,0.749,1.155,68.3,6.2,0,14
4.372,1.012,9.122,4.391,1.052,8.26,5.062,5.51,4.013,3.915,0.727,0.374,1.003,78.4,10.5,1,12
5.424,1.169,10.134,3.309,0.9,5.0,4.219,5.017,4.4,4.992,0.437,0.647,1.043,100.0,-8.75,0,10
4.833,1.055,7.481,4.751,1.051,10.456,3.661,4.232,6.0,5.218,0.433,0.409,0.931,67.5,2.38,1,12
3.829,1.033,7.872,3.709,1.03,13.0,4.244,4.536,3.322,4.498,0.591,0.346,1.054,79.4,-2.28,0,12
3.644,0.953,11.058,4.775,1.095,9.98,3.317,4.201,4.672,4.445,0.372,0.395,0.935,74.2,1.95,1,9
5.948,1.161,11.111,3.342,0.966,7.264,5.2,4.043,3.543,5.855,0.2,0.415,1.032,66.9,-3.26,0,12
5.681,1.112,6.611,4.922,1.156,8.103,4.683,5.344,3.201,5.068,0.363,0.629,1.1,69.4,-4.56,0,12
5.094,1.155,8.267,4.124,0.908,8.8,5.09,4.929,4.241,4.589,0.8,0.505,0.915,70.2,-3.37,0,14
3.799,1.024,6.092,4.206,0.99,5.943,4.331,3.353,3.646,5.407,0.556,0.316,0.901,55.8,10.9,0,9
4.476,1.05,11.16,5.193,1.08,6.017,5.065,4.789,5.111,4.041,0.474,0.363,0.981,83.8,-0.23,1,11
4.473,1.034,8.81,4.406,1.073,7.541,3.877,4.87,3.54,3.786,0.467,0.488,1.081,95.4,1.58,1,7
2.43,0.9,7.289,3.045,0.9,7.496,4.007,3.664,4.659,2.894,0.2,0.486,0.927,80.7,0.33,0,5
6.145,1.167,8.776,6.5,1.221,9.637,4.096,6.001,3.881,2.539,0.393,0.465,1.019,64.1,-4.52,1,8
4.422,1.1,10.094,4.28,0.966,8.191,4.009,4.358,4.671,4.22,0.501,0.411,1.009,69.9,-9.62,1,11
4.008,0.911,8.743,2.855,0.932,9.383,5.187,6.158,3.932,3.885,0.432,0.632,1.061,45.0,-11.27,0,6
3.424,0.989,5.962,2.533,0.911,5.626,3.448,4.626,2.668,2.5,0.651,0.454,0.962,69.2,-10.71,1,5
5.152,1.014,7.01,5.063,1.128,7.98,4.879,4.993,3.566,3.411,0.441,0.449,0.92,61.1,-5.77,0,5
5.622,1.104,9.525,3.935,1.029,8.487,4.434,4.035,3.51,4.484,0.344,0.208,1.047,68.2,-6.9,1,8
3.002,0.952,8.051,4.22,0.991,9.571,4.174,4.016,4.604,2.818,0.413,0.426,1.01,80.0,1.01,1,5
2.0,0.9,8.588,4.548,1.08,6.332,4.705,4.984,3.611,4.642,0.481,0.528,0.981,68.9,0.14,1,6
4.186,1.064,11.123,4.392,0.992,9.873,4.668,4.867,5.015,3.915,0.497,0.389,1.056,71.9,-0.55,0,12
4.131,1.033,10.737,4.567,1.071,9.349,6.236,3.107,5.09,4.566,0.496,0.424,0.96,74.9,-6.9,1,7
4.98,1.068,6.336,3.353,0.97,7.45,3.725,5.691,4.234,4.174,0.442,0.407,0.923,80.3,-3.47,0,7
4.482,1.02,5.0,4.518,1.007,9.115,4.015,3.117,3.978,2.782,0.554,0.599,0.964,75.3,-10.82,0,2
2.606,0.9,7.52,3.742,1.033,9.38,4.917,4.848,3.011,4.908,0.56,0.548,1.01,84.2,-6.11,0,10
2.0,0.9,8.418,4.511,1.048,8.669,5.767,4.582,4.529,3.213,0.207,0.774,0.98,78.3,2.04,1,10
2.925,0.901,10.053,3.096,0.926,10.11,4.145,3.708,5.513,4.326,0.599,0.408,0.87,95.5,-0.12,1,5
2.0,0.9,9.976,4.212,1.048,5.858,3.974,3.768,4.17,4.2,0.768,0.435,1.003,60.6,0.96,1,7
3.61,0.97,10.661,3.089,0.9,9.419,4.677,3.205,4.753,2.87,0.266,0.598,0.865,83.5,-0.85,1,10
3.362,0.935,8.232,5.68,1.116,7.687,5.218,4.341,3.196,2.81,0.364,0.631,1.112,73.8,6.17,1,13
4.445,1.034,9.822,5.781,1.192,5.958,4.567,5.149,4.658,3.338,0.48,0.587,1.024,76.9,-4.61,1,8
4.407,1.062,9.508,3.945,0.956,9.396,4.96,5.281,4.188,4.05,0.423,0.664,0.97,66.9,-1.01,0,11
4.684,1.068,9.639,3.208,0.928,7.847,3.715,3.314,5.531,2.5,0.366,0.438,1.129,73.1,-3.98,1,9
5.243,1.186,7.525,3.905,1.012,7.574,3.772,3.91,4.87,2.796,0.626,0.2,1.002,72.8,-7.03,0,7
3.857,0.96,11.075,6.26,1.211,7.487,3.864,3.678,4.194,6.0,0.587,0.552,1.053,68.9,8.68,0,17
5.37,1.125,10.289,2.0,0.9,10.079,3.741,5.534,3.607,6.0,0.578,0.408,0.993,83.5,-5.19,0,8
4.284,1.065,8.795,3.162,0.97,7.176,3.993,3.005,4.62,6.0,0.522,0.579,1.108,70.7,-2.85,1,11
4.69,1.07,5.0,4.354,1.015,8.656,3.308,3.971,2.689,4.015,0.351,0.493,1.018,69.5,-8.54,1,9
5.59,1.208,9.357,3.25,0.9,8.175,5.356,4.175,5.581,3.77,0.426,0.425,0.951,66.3,-9.09,0,8
2.964,0.9,8.646,3.234,0.994,6.578,4.475,4.462,4.858,4.473,0.399,0.582,0.953,70.3,-2.85,1,9
3.035,0.907,10.367,2.83,0.907,7.731,4.483,5.752,4.353,3.468,0.343,0.765,1.099,84.6,12.02,0,8
3.946,1.008,10.021,3.782,0.985,9.698,3.729,4.593,3.836,3.145,0.227,0.439,0.907,55.1,4.23,0,13
5.022,1.075,8.389,3.96,0.976,10.268,5.049,4.953,5.288,5.002,0.518,0.398,1.057,74.3,-1.3,0,12
2.0,0.9,8.607,2.125,0.9,11.716,4.82,5.028,6.0,4.038,0.432,0.406,1.073,72.9,-0.72,0,7
2.737,0.9,8.835,3.579,1.033,10.733,3.628,5.075,3.884,5.902,0.406,0.538,0.971,68.2,8.43,1,6
2.944,0.943,8.953,2.916,0.965,6.072,3.0,3.843,3.334,4.521,0.368,0.585,0.955,77.2,-5.62,0,9
3.47,0.97,8.773,2.079,0.9,7.621,3.745,4.19,5.247,5.02,0.385,0.404,0.916,72.8,2.33,1,6
5.985,1.168,8.174,4.678,1.125,9.571,5.233,3.376,4.742,5.229,0.524,0.444,0.94,64.6,-6.02,1,9
4.854,1.111,11.259,6.099,1.157,8.603,4.239,6.11,4.015,2.682,0.534,0.471,0.937,84.5,9.79,1,6
3.18,0.959,8.067,4.353,0.99,8.469,5.039,5.021,3.806,4.03,0.383,0.473,0.85,73.4,-0.59,1,8
5.374,1.152,11.113,2.487,0.9,8.891,5.531,4.783,2.794,3.739,0.2,0.602,0.909,96.7,-3.48,0,12
2.381,0.9,7.78,3.615,0.949,7.19,3.982,3.25,5.143,3.942,0.603,0.694,1.064,81.8,12.14,1,12
4.282,1.004,7.478,3.463,0.971,9.001,5.29,3.0,3.263,5.128,0.328,0.2,1.108,61.1,-5.04,1,12
4.49,1.069,6.664,5.014,1.144,9.147,4.182,3.997,3.469,6.0,0.8,0.547,0.976,64.7,1.58,0,10
3.754,1.009,10.364,5.546,1.155,8.488,4.966,5.159,3.804,3.832,0.312,0.494,0.943,77.5,-1.62,1,9
2.0,0.9,7.805,3.665,0.922,9.943,4.333,5.172,4.226,3.199,0.232,0.48,1.001,75.5,0.5,1,12
2.557,0.9,7.959,3.795,0.99,9.485,3.898,4.708,3.611,5.256,0.53,0.688,0.862,79.6,9.03,1,3
4.806,1.08,10.257,2.804,0.9,7.288,5.459,3.0,3.912,4.906,0.525,0.347,0.85,76.4,3.35,1,7
4.57,1.044,9.148,2.299,0.9,9.39,3.814,3.287,5.348,5.521,0.466,0.653,0.995,67.0,0.68,1,5
3.273,0.902,8.841,3.426,0.921,8.73,5.3,5.681,5.215,3.506,0.525,0.649,0.918,59.6,-3.92,1,12
4.611,1.048,8.613,2.0,0.9,7.42,4.674,3.632,5.792,4.673,0.553,0.2,1.004,86.5,-4.67,1,9
3.378,0.9,10.293,5.227,1.101,7.039,3.947,3.388,4.006,4.09,0.2,0.524,1.039,62.7,-5.15,1,6
3.1,0.923,10.007,4.347,1.003,8.948,4.092,4.784,3.636,5.264,0.514,0.646,0.946,78.7,-1.11,0,12
4.476,0.974,5.0,4.545,1.014,8.824,5.102,5.281,3.54,3.697,0.622,0.49,1.004,75.9,0.81,1,14
3.545,0.955,10.356,3.925,0.9,7.812,4.763,4.84,4.432,3.231,0.499,0.574,1.022,50.6,0.18,0,11
4.41,0.984,8.893,2.592,0.9,6.013,4.953,3.649,4.593,4.274,0.657,0.383,1.123,75.2,-5.65,0,12
3.778,0.995,6.535,4.933,1.174,8.764,4.596,5.647,4.808,4.961,0.378,0.406,1.016,90.3,0.02,0,15
4.23,1.0,8.648,2.095,0.904,11.753,4.202,4.956,4.338,3.874,0.496,0.415,0.85,67.3,-1.63,0,6
3.126,0.991,9.233,5.632,1.149,10.351,4.798,3.956,3.259,3.25,0.503,0.581,0.961,75.7,7.68,0,5
6.5,1.241,10.333,3.689,0.943,6.343,3.68,5.395,4.072,2.585,0.512,0.537,0.955,68.7,4.49,0,13
4.326,1.03,10.068,2.631,0.9,9.383,4.648,5.362,3.69,2.892,0.406,0.288,1.049,60.4,-14.78,1,9
4.86,1.031,8.296,4.872,1.098,8.587,4.205,3.907,3.952,3.236,0.8,0.461,0.988,58.4,9.89,1,11
3.023,0.9,9.47,2.117,0.9,9.283,4.235,4.871,2.5,4.843,0.2,0.492,0.991,74.8,-5.73,1,8
3.981,1.022,8.947,5.713,1.122,7.52,4.943,5.675,3.969,4.321,0.717,0.457,1.042,75.2,3.74,1,13
2.0,0.9,5.0,5.029,1.076,12.66,5.027,5.278,6.0,4.592,0.398,0.557,0.879,78.5,-2.19,1,8
3.834,0.948,8.992,2.0,0.9,7.098,3.836,3.564,3.125,3.565,0.516,0.284,0.85,82.7,5.62,1,8
5.748,1.222,11.028,2.862,0.9,5.0,3.346,3.258,2.813,3.523,0.488,0.402,0.97,94.5,2.44,0,10
5.642,1.126,9.584,4.426,1.048,9.538,4.665,4.337,3.103,2.921,0.421,0.51,1.024,61.6,3.79,1,13
2.623,0.922,8.557,3.244,0.9,6.591,3.0,3.0,3.695,4.378,0.381,0.56,1.016,68.9,-7.98,1,12
4.092,0.993,7.977,3.831,0.916,6.43,4.253,3.844,3.586,4.882,0.529,0.751,1.102,88.1,-4.89,1,12
5.149,1.083,9.861,4.277,1.062,9.648,5.501,4.684,3.79,3.873,0.4,0.563,0.89,72.8,2.56,1,9
3.556,0.966,10.543,6.5,1.184,7.754,5.262,4.055,3.884,4.145,0.604,0.526,0.939,55.3,-4.17,0,13
4.064,0.979,6.504,4.146,0.906,9.33,4.225,4.932,4.399,4.123,0.673,0.432,0.958,76.1,0.34,0,9
2.0,0.9,7.191,4.75,0.995,6.592,4.369,5.957,3.611,4.475,0.647,0.71,1.046,81.7,-1.39,0,11
6.5,1.24,10.19,5.26,1.156,9.9,3.379,3.762,4.496,3.563,0.292,0.8,0.967,92.6,-1.08,1,8
2.346,0.9,11.858,3.317,0.923,6.565,4.012,4.922,3.886,3.456,0.499,0.454,1.03,81.7,10.41,0,13
3.466,1.039,9.511,2.327,0.9,8.78,3.225,3.565,3.861,4.916,0.714,0.712,0.932,61.2,-1.93,1,9
2.203,0.9,8.849,4.429,1.044,12.201,5.688,5.039,3.715,4.684,0.604,0.702,1.029,88.1,-3.02,1,10
4.76,1.024,7.058,3.542,0.974,8.872,3.982,4.255,4.952,4.222,0.577,0.547,0.951,67.6,-2.16,0,11
3.073,0.92,7.023,3.915,0.923,7.354,4.729,4.609,3.806,3.702,0.399,0.455,1.1,63.5,4.24,0,10
3.767,1.041,9.088,2.918,0.937,7.242,4.601,3.436,2.753,3.905,0.649,0.407,1.072,45.0,8.71,1,11
3.406,0.985,7.298,4.442,1.007,6.054,3.725,5.7,3.966,4.84,0.408,0.477,1.061,66.3,10.96,0,8
4.557,1.013,7.588,5.06,1.091,9.635,5.13,3.323,4.794,4.696,0.561,0.402,1.03,66.4,3.39,1,16
5.101,1.017,8.889,5.187,1.12,6.387,4.785,5.387,2.781,4.057,0.557,0.515,1.152,55.9,-0.5,1,12
6.125,1.261,9.355,4.982,1.051,10.153,4.612,4.709,3.445,3.685,0.62,0.539,1.126,58.2,2.61,1,9
2.912,0.9,8.157,3.644,0.972,8.744,4.903,3.0,4.052,4.161,0.47,0.649,0.946,64.6,-9.38,0,6
3.438,0.9,6.992,2.3,0.9,8.105,4.727,4.286,3.311,4.878,0.564,0.652,1.04,59.9,-2.27,0,8
5.245,1.129,7.543,5.592,1.126,7.914,5.375,4.191,4.635,5.359,0.46,0.719,0.985,53.1,-3.49,0,11
3.373,0.9,9.93,2.0,0.9,7.524,4.493,4.309,2.5,3.693,0.434,0.559,0.994,66.4,-3.88,0,7
4.378,1.039,7.255,4.904,1.059,6.01,3.784,5.152,3.136,4.858,0.578,0.526,0.941,76.3,6.05,0,10
3.942,0.926,9.292,2.682,0.9,8.941,3.644,4.624,3.309,3.105,0.613,0.793,0.922,93.4,0.78,0,4
3.35,0.9,5.892,6.5,1.272,8.135,4.0,3.253,4.433,3.515,0.72,0.603,1.086,81.1,6.07,0,11
4.06,1.049,8.271,2.0,0.9,7.422,4.989,5.217,4.191,3.603,0.67,0.556,1.145,84.1,-6.44,0,6
3.041,0.908,8.296,4.249,1.1,6.588,5.171,3.984,4.755,4.144,0.669,0.691,0.997,56.0,-12.45,1,8
3.522,0.961,6.289,3.594,0.95,7.696,5.133,3.034,3.822,4.516,0.41,0.376,1.082,82.8,-1.92,1,7
3.503,1.003,10.746,3.636,0.974,10.853,5.436,3.0,4.115,4.368,0.516,0.67,0.914,74.6,-0.04,0,5
3.763,0.952,8.195,2.773,0.912,5.359,4.692,4.562,3.798,3.882,0.402,0.578,0.895,70.3,-3.23,1,6
3.418,0.903,9.267,4.203,0.955,9.255,3.022,4.351,4.135,3.693,0.534,0.415,1.058,90.6,-1.89,1,7
4.279,1.033,7.752,2.0,0.9,10.032,4.042,4.251,3.585,3.139,0.458,0.505,1.126,83.9,-7.32,0,11
6.278,1.153,7.086,5.208,1.112,7.135,4.098,4.76,2.5,4.8,0.534,0.523,0.977,71.5,-4.67,0,6
3.913,0.978,8.986,4.863,1.073,7.392,4.407,3.654,3.596,2.543,0.275,0.554,1.028,56.0,-4.4,1,11
5.126,1.159,10.766,3.744,0.952,9.542,4.054,4.854,3.418,2.822,0.352,0.513,0.971,82.5,6.28,1,11
4.543,1.126,9.519,6.422,1.194,9.129,4.945,3.218,4.762,2.5,0.409,0.257,0.948,84.4,7.33,1,5
2.0,0.9,10.171,6.277,1.217,6.887,4.873,3.813,3.394,6.0,0.498,0.564,0.85,73.9,0.67,1,7
5.988,1.145,8.265,4.164,1.009,8.788,5.42,4.942,4.541,4.362,0.352,0.436,1.004,66.4,4.42,1,21
3.206,0.984,6.44,5.248,1.14,9.457,5.203,4.798,2.5,4.602,0.586,0.553,1.055,77.3,6.67,1,9
3.717,0.974,8.993,4.711,1.108,10.746,4.886,5.433,4.518,3.13,0.445,0.543,1.14,58.7,5.54,1,9
5.78,1.2,7.881,2.753,0.911,6.86,4.945,4.367,3.654,4.729,0.347,0.555,1.043,70.2,-2.68,1,7
4.795,1.137,7.437,4.043,1.052,8.269,4.663,5.098,3.501,4.876,0.713,0.589,0.931,58.8,-1.21,0,9
6.063,1.156,6.666,5.274,1.101,9.828,5.092,4.056,2.612,4.56,0.53,0.639,1.078,78.8,-13.85,1,11
4.966,1.047,8.498,3.797,1.075,6.686,4.98,4.679,3.546,4.843,0.596,0.649,0.956,78.3,-0.35,1,8
3.132,0.928,7.791,4.184,0.986,11.23,4.432,4.369,3.828,4.693,0.602,0.628,0.996,63.0,8.13,0,15
2.988,0.9,5.523,5.489,1.123,8.358,5.684,4.584,4.368,4.236,0.524,0.457,0.943,69.5,-4.1,1,9
3.534,0.946,9.152,2.0,0.9,11.35,5.255,4.77,3.755,3.58,0.518,0.563,0.882,94.5,-4.34,0,12
3.958,1.013,7.196,2.951,0.908,7.83,4.238,3.0,3.45,3.385,0.62,0.468,0.911,80.2,-6.07,1,4
4.193,0.971,10.017,5.425,1.2,6.901,4.687,6.098,3.905,3.487,0.306,0.2,1.09,90.6,7.68,1,12
2.762,0.922,11.943,4.295,1.055,9.393,5.452,3.98,4.038,5.886,0.449,0.623,1.049,66.5,-4.5,1,9
3.734,0.989,8.55,4.576,1.066,10.238,5.415,5.269,3.898,2.999,0.552,0.2,1.048,89.9,-2.6,0,16
3.469,0.9,10.651,3.0,0.924,8.487,4.373,5.784,4.119,5.051,0.8,0.708,0.96,55.5,5.65,0,11
2.97,0.951,6.329,4.085,1.006,9.111,3.995,4.3,3.494,5.178,0.7,0.405,1.008,65.8,5.11,1,6
4.939,1.083,8.689,2.375,0.9,9.954,5.398,5.236,2.946,4.042,0.384,0.587,1.035,75.6,9.22,1,8
5.546,1.157,10.358,3.185,0.922,6.228,6.348,6.5,4.259,3.016,0.691,0.606,0.85,57.7,-2.25,0,7
3.511,0.95,6.328,3.819,1.035,7.53,5.233,4.732,3.015,2.771,0.566,0.422,0.914,59.0,0.63,1,12
3.842,1.002,8.671,3.191,0.943,5.85,5.323,3.703,5.938,3.177,0.72,0.625,0.997,75.2,5.89,1,11
4.027,0.956,7.305,6.5,1.225,8.741,4.002,6.39,2.621,4.376,0.673,0.416,0.943,76.0,4.04,0,6
4.751,1.06,6.384,2.449,0.9,11.235,4.591,3.398,4.465,4.968,0.337,0.551,1.044,80.8,-4.02,1,9
4.6,1.079,8.485,4.638,1.019,9.222,5.508,4.542,2.919,4.566,0.567,0.524,1.104,70.7,-12.69,0,4
4.521,1.08,8.368,4.244,1.01,8.243,4.126,4.567,5.108,3.55,0.368,0.64,0.918,87.5,-1.84,1,5
2.744,0.961,9.248,2.0,0.9,11.081,3.285,3.518,2.5,3.551,0.573,0.223,0.941,77.4,1.55,0,6
2.514,0.9,7.869,2.509,0.9,11.048,4.706,4.959,2.853,4.384,0.608,0.502,0.994,90.8,-2.67,1,4
4.261,1.044,7.938,2.756,0.9,7.45,5.004,4.612,2.549,3.058,0.382,0.484,1.048,66.2,-4.61,0,11
2.484,0.905,9.57,3.825,0.955,8.352,4.173,4.108,3.052,5.046,0.418,0.428,1.034,61.9,-7.98,1,12
4.812,1.153,6.742,2.735,0.9,10.79,5.959,4.571,3.197,4.249,0.561,0.587,1.115,79.7,10.27,1,13
5.696,1.08,6.355,3.341,0.933,6.808,4.632,3.734,3.665,4.385,0.496,0.502,0.92,73.7,-1.3,0,7
4.142,0.946,6.869,3.014,0.9,9.436,5.339,4.3,3.299,3.869,0.513,0.505,1.074,82.0,-2.37,1,7
4.285,1.019,8.873,2.0,0.9,8.757,4.981,3.816,3.539,3.03,0.572,0.563,0.901,83.9,0.33,1,7
3.839,1.08,9.709,5.524,1.135,10.576,3.71,4.057,3.254,2.962,0.276,0.459,1.081,72.7,4.8,0,6
5.11,1.079,8.605,3.531,0.9,9.592,5.044,4.26,4.385,4.362,0.65,0.652,0.965,67.4,1.64,0,9
3.393,0.91,8.68,6.5,1.26,11.253,3.522,4.702,3.408,4.343,0.44,0.544,0.879,68.9,2.78,1,13
5.149,1.076,10.008,5.115,1.069,9.91,3.875,3.0,3.799,4.999,0.38,0.259,1.013,80.0,0.26,1,7
2.51,0.9,7.943,4.045,1.031,10.403,3.891,4.839,4.123,3.876,0.384,0.35,0.955,63.5,6.62,0,10
6.5,1.169,8.988,3.646,0.961,7.213,6.083,4.983,3.636,4.245,0.385,0.625,1.033,70.1,-5.68,1,10
4.445,1.084,8.623,2.618,0.9,10.165,5.533,4.238,3.054,4.156,0.523,0.736,1.049,58.1,-2.9,1,10
5.882,1.178,10.588,2.673,0.9,10.632,4.737,4.434,3.92,4.068,0.723,0.8,1.061,54.4,6.68,1,10
4.41,0.926,11.043,4.216,1.036,9.591,5.635,5.293,4.494,3.664,0.417,0.258,0.991,61.3,1.2,0,12
3.74,0.954,8.07,3.025,0.952,9.044,4.653,4.675,4.51,3.458,0.658,0.52,1.03,64.4,1.78,0,8
4.669,1.016,7.662,4.497,1.047,8.517,3.955,3.544,4.168,4.693,0.29,0.204,1.077,71.1,-6.51,1,6
5.495,1.151,10.645,2.798,0.916,8.117,3.748,4.771,3.681,3.852,0.518,0.531,1.14,73.3,1.82,0,8
4.528,1.103,5.939,6.01,1.245,8.946,4.619,5.164,3.666,3.844,0.487,0.2,0.932,74.5,15.0,1,11
4.61,1.1,7.725,6.34,1.227,10.558,3.992,5.016,4.277,4.695,0.49,0.49,0.908,67.9,10.53,0,9
6.102,1.168,7.177,5.298,1.094,11.292,4.234,3.449,2.615,3.22,0.32,0.415,1.018,52.0,3.45,1,13
2.091,0.9,10.484,2.114,0.9,8.844,4.988,4.45,3.875,2.5,0.617,0.54,0.898,83.7,0.99,0,13
5.106,1.025,8.665,3.495,0.923,7.971,3.171,4.749,4.304,4.636,0.579,0.2,0.86,71.4,-5.46,1,10
4.903,1.084,5.798,3.932,0.938,8.455,4.416,4.416,2.829,3.803,0.443,0.42,1.011,65.0,-3.18,1,13
5.356,1.112,6.505,3.004,0.965,8.239,4.628,5.417,5.49,5.065,0.447,0.269,1.003,75.9,-8.13,1,2
3.926,0.946,7.287,4.919,1.084,9.044,3.626,6.069,2.846,5.049,0.527,0.709,1.1,70.9,3.01,0,10
5.836,1.175,9.422,4.471,1.016,7.97,4.917,4.207,3.376,4.874,0.654,0.684,1.045,92.2,-6.62,1,4
4.89,1.064,6.94,5.986,1.191,9.775,5.813,4.41,3.191,4.703,0.344,0.334,0.954,82.4,-8.71,0,11
2.124,0.9,9.236,3.833,1.085,7.837,3.977,3.123,3.122,4.093,0.502,0.533,0.956,66.9,8.29,0,3
2.806,0.919,10.343,4.712,1.052,8.784,5.434,4.163,3.136,2.811,0.471,0.458,1.023,77.4,-11.19,0,6
5.437,1.137,10.716,4.197,1.025,8.146,6.251,4.102,3.951,2.697,0.29,0.641,1.055,73.2,1.16,1,9
3.767,1.019,10.221,3.558,0.975,7.215,3.843,5.13,5.846,2.912,0.534,0.445,1.079,68.4,13.59,0,14
5.349,1.14,11.07,4.702,1.009,5.0,5.427,5.003,3.392,4.609,0.52,0.563,1.009,55.8,-3.07,1,10
5.361,1.198,9.245,5.196,1.062,8.534,4.616,3.0,3.151,3.284,0.627,0.513,1.077,70.4,-3.29,1,12
5.489,1.117,10.402,3.171,0.912,9.269,4.13,5.01,4.694,4.797,0.305,0.48,0.918,78.1,6.26,0,6
4.268,1.091,7.282,3.17,0.965,8.751,5.605,3.915,2.734,4.545,0.382,0.782,1.077,84.8,-9.94,0,8
4.193,1.044,8.367,2.771,0.9,8.027,3.522,4.386,4.278,2.5,0.49,0.464,1.142,90.9,-0.64,0,10
2.566,0.9,9.141,3.589,0.94,8.818,5.359,4.945,3.936,2.5,0.527,0.31,0.988,91.5,4.47,1,6
4.17,1.033,8.763,5.044,1.068,6.622,3.436,5.491,4.057,4.749,0.2,0.283,1.088,72.2,4.93,1,8
4.508,1.104,7.243,6.042,1.175,8.315,3.955,5.193,4.654,5.07,0.367,0.646,0.912,46.1,4.29,1,10
3.549,0.912,8.855,3.833,1.044,10.829,4.507,3.0,3.252,5.13,0.561,0.55,0.892,81.4,-1.15,0,5
4.318,0.985,7.085,3.804,0.985,9.572,5.854,4.754,3.6,4.139,0.483,0.204,1.034,62.9,3.5,1,14
4.914,1.03,8.772,4.228,0.988,9.458,4.73,3.791,2.57,3.486,0.554,0.354,0.982,68.4,4.35,0,10
2.0,0.9,9.746,3.231,0.9,6.485,6.08,5.374,3.809,4.144,0.346,0.462,0.909,82.8,4.84,1,12
4.072,0.941,8.284,2.137,0.909,11.473,3.308,4.589,3.337,4.498,0.368,0.457,1.033,62.0,3.91,0,13
2.0,0.9,10.756,5.069,1.041,8.924,4.594,5.127,3.146,5.645,0.402,0.2,0.853,67.2,1.45,1,13
4.403,1.057,5.987,2.427,0.9,7.444,4.576,3.618,4.773,4.547,0.531,0.439,1.047,60.0,4.68,1,7
5.749,1.13,7.739,2.965,0.9,8.539,3.844,3.87,5.055,6.0,0.631,0.571,0.998,56.2,2.46,0,11
4.513,1.057,8.66,5.263,1.108,12.201,4.092,4.786,3.034,2.5,0.438,0.55,0.881,71.2,1.83,1,6
4.579,1.065,7.61,3.871,1.019,8.364,5.006,4.816,4.33,3.514,0.454,0.667,0.989,83.0,-7.05,0,8
3.558,0.956,6.317,3.776,0.909,9.064,5.877,4.122,4.206,3.333,0.8,0.582,0.979,79.8,6.4,1,9
2.853,0.97,7.509,3.037,0.967,9.926,5.043,3.686,3.499,4.579,0.571,0.459,0.928,78.7,3.24,1,5
2.558,0.9,9.4,4.496,1.078,6.143,4.816,4.708,2.918,4.535,0.67,0.54,1.099,56.5,9.04,0,13
3.178,0.92,9.387,6.213,1.163,9.41,5.74,5.366,4.954,3.524,0.532,0.555,1.05,84.0,12.48,1,16
4.186,1.051,9.01,4.269,1.077,8.805,4.615,5.721,3.6,5.415,0.411,0.485,0.956,50.2,-8.83,1,15
4.828,1.038,8.537,5.229,1.096,9.704,4.36,3.0,5.315,3.114,0.697,0.655,0.912,63.0,8.68,0,6
3.743,0.926,9.165,2.0,0.9,6.893,4.456,5.809,4.566,2.5,0.535,0.594,0.905,52.1,-3.04,1,7
4.136,1.031,7.624,4.737,1.06,7.117,4.478,5.209,3.952,3.206,0.696,0.484,1.15,63.7,-1.18,0,16
3.327,0.951,9.963,2.751,0.9,10.89,5.422,4.399,3.126,2.5,0.376,0.485,0.993,71.6,-2.51,0,2
3.281,0.968,7.525,2.905,0.9,5.418,3.518,4.159,4.846,4.529,0.377,0.535,1.061,71.0,3.19,1,9
3.487,0.963,7.405,4.344,0.966,9.09,3.367,3.751,3.78,6.0,0.552,0.506,1.034,73.6,-4.12,1,9
3.776,0.934,9.163,4.806,0.981,7.025,4.896,3.896,2.76,5.691,0.649,0.322,0.991,64.5,3.06,1,12
3.492,0.927,7.685,2.763,0.9,10.248,5.739,3.573,4.471,3.285,0.48,0.405,0.862,84.6,1.24,0,5
4.023,0.993,8.007,5.15,1.155,6.851,3.832,4.77,3.879,3.188,0.426,0.73,0.936,91.8,-2.24,0,5
4.705,1.078,10.671,2.376,0.9,6.159,4.331,3.887,2.753,4.567,0.639,0.255,0.903,100.0,-1.12,0,11
3.092,0.932,10.314,2.634,0.91,8.684,4.552,6.355,5.855,3.896,0.416,0.794,1.022,78.5,0.53,1,8
5.384,1.076,5.0,4.298,1.031,8.172,4.372,4.61,3.415,3.805,0.474,0.377,1.021,61.8,1.33,1,12
5.589,1.147,6.816,4.048,1.054,10.466,4.586,5.358,4.164,3.489,0.703,0.35,1.133,83.0,-12.83,1,15
4.025,0.993,7.672,4.639,1.019,6.775,5.111,4.731,4.013,4.253,0.491,0.511,1.1,54.7,-7.03,1,12
2.826,0.9,11.133,5.143,1.117,7.877,5.367,3.068,3.592,3.995,0.514,0.36,0.85,70.9,-1.45,1,7
4.738,0.963,7.679,2.963,0.9,11.301,3.165,5.204,4.715,3.533,0.262,0.578,0.985,84.1,-2.7,0,11
2.646,0.9,9.213,5.468,1.125,7.502,5.15,4.699,3.873,5.909,0.433,0.576,0.865,69.3,1.51,0,10
3.908,1.019,8.274,4.29,1.009,8.726,5.613,4.606,2.681,4.059,0.706,0.45,0.985,73.2,5.17,0,12
2.27,0.9,9.768,5.382,1.079,7.804,4.915,4.325,2.824,3.987,0.665,0.8,0.942,64.0,-13.3,1,9
4.276,1.065,7.597,3.775,0.957,9.356,4.785,4.382,3.705,3.742,0.43,0.666,0.879,52.9,4.03,1,10
2.605,0.9,9.912,4.287,1.066,7.719,5.177,4.2,4.895,3.627,0.47,0.328,0.877,57.1,6.98,0,7
4.402,0.991,7.57,5.076,1.02,10.256,4.671,4.027,2.628,5.161,0.551,0.52,1.124,53.8,0.28,0,6
3.468,0.938,6.748,2.639,0.9,10.034,4.728,4.254,4.68,3.672,0.588,0.649,0.85,61.4,-0.89,0,9
4.37,1.061,11.133,4.147,1.007,8.72,5.499,4.298,2.995,3.939,0.308,0.2,0.956,86.4,8.61,0,10
2.771,0.9,10.419,3.873,1.023,6.25,3.31,4.739,6.0,3.621,0.523,0.563,1.167,100.0,-2.53,0,11
2.0,0.9,9.557,4.917,1.09,9.354,3.265,3.421,3.775,4.051,0.531,0.467,1.099,79.7,0.19,1,6
2.586,0.909,7.286,3.676,0.995,9.574,5.547,5.407,2.975,4.287,0.537,0.54,0.99,66.8,5.5,1,7
4.34,1.098,7.637,5.169,1.111,6.75,3.067,3.946,4.792,4.93,0.63,0.52,0.971,86.4,-2.28,1,11
2.185,0.9,8.572,4.185,1.014,8.462,4.208,3.565,4.701,4.252,0.352,0.585,0.916,50.4,10.85,0,10
3.701,0.931,10.879,3.423,0.911,9.541,3.839,5.029,4.425,3.978,0.484,0.604,0.886,67.1,-1.26,0,4
3.927,1.006,7.863,3.514,0.973,9.8,4.828,3.806,5.263,3.582,0.614,0.277,1.075,69.5,-3.74,1,9
3.255,0.9,9.473,2.0,0.9,6.551,4.936,5.921,5.528,3.127,0.44,0.501,1.126,61.6,-4.85,0,14
4.501,0.977,8.565,3.485,0.954,11.319,4.187,4.157,3.917,3.271,0.338,0.323,1.083,62.8,-10.13,0,5
2.619,0.9,11.367,4.462,1.049,8.054,3.915,4.844,4.988,4.195,0.263,0.681,1.043,94.4,-1.65,0,10
2.284,0.9,5.0,2.818,0.934,8.908,3.232,5.163,3.803,3.287,0.433,0.216,1.098,48.6,-5.38,0,6
4.324,1.013,12.207,6.5,1.251,9.29,5.108,4.922,4.533,4.527,0.685,0.401,1.11,56.8,2.06,1,4
4.013,1.024,7.805,3.541,0.94,9.828,4.864,4.617,3.296,6.0,0.596,0.359,1.137,76.8,-1.91,1,13
4.793,1.086,13.0,2.999,0.901,11.539,3.0,3.204,2.5,4.928,0.287,0.701,0.981,72.3,-2.8,0,8
3.717,0.98,7.832,3.677,1.0,9.531,4.607,5.644,4.075,4.571,0.731,0.69,1.175,83.0,0.01,0,8
5.177,1.13,8.882,5.333,1.179,10.009,4.041,5.345,5.318,3.891,0.619,0.488,0.92,68.9,-6.27,0,12
3.505,0.942,8.347,3.143,0.948,6.973,4.785,5.008,4.265,3.396,0.556,0.2,0.945,71.3,4.25,0,10
5.303,1.112,8.127,3.852,1.061,5.0,4.857,6.274,4.001,4.397,0.628,0.429,1.083,68.3,-6.02,1,9
4.746,1.081,12.094,3.135,0.921,8.154,5.52,5.199,4.371,4.961,0.587,0.592,0.952,80.2,9.4,0,10
2.308,0.9,8.271,6.5,1.225,7.953,4.092,5.117,5.167,4.483,0.557,0.694,0.871,50.9,-0.09,0,8
2.588,0.9,10.843,6.5,1.284,11.21,4.801,4.129,2.834,2.579,0.446,0.444,0.992,61.1,-2.78,0,5
4.175,1.004,7.238,2.294,0.9,9.418,5.208,5.175,4.505,3.586,0.61,0.309,1.025,86.1,8.47,1,12
5.459,1.144,7.433,4.769,1.009,6.485,4.934,3.705,4.88,3.974,0.458,0.779,0.936,72.8,-3.49,1,7
3.46,0.996,10.656,2.455,0.9,12.701,4.552,4.408,3.261,4.424,0.529,0.509,0.915,89.0,-7.79,0,16
2.586,0.907,7.924,4.527,0.993,6.793,4.27,3.632,3.024,4.706,0.575,0.333,0.992,53.5,-3.29,1,6
4.47,0.975,9.976,2.822,0.9,8.263,3.942,4.711,3.921,4.33,0.578,0.394,1.052,76.9,1.87,0,8
4.437,1.092,9.651,4.395,1.011,9.739,4.538,3.431,3.561,4.809,0.694,0.434,1.058,79.1,14.76,1,10
3.857,1.112,8.4,2.814,0.908,5.936,4.393,5.383,4.813,4.895,0.521,0.503,0.906,54.8,-5.09,0,7
2.218,0.9,7.568,4.667,1.068,10.491,3.222,4.987,5.006,4.091,0.445,0.78,0.916,74.6,-3.02,1,4
4.185,0.941,6.519,4.048,0.989,7.198,3.78,3.389,4.779,4.46,0.261,0.41,0.883,93.3,6.3,1,10
2.897,0.9,8.915,3.495,0.946,10.769,4.942,3.142,5.501,4.637,0.344,0.486,0.989,77.2,1.37,0,7
5.829,1.157,9.211,3.345,0.92,7.946,4.369,4.02,4.005,4.436,0.372,0.379,1.013,70.1,-1.53,1,12
6.5,1.188,5.721,4.16,1.017,8.915,5.148,4.052,4.321,4.223,0.463,0.29,0.975,88.3,-4.62,0,4
4.869,1.097,11.196,2.381,0.9,9.723,4.845,4.574,2.956,3.261,0.598,0.388,0.992,74.3,-10.18,0,9
2.519,0.9,9.443,3.075,0.9,7.766,4.099,3.275,4.471,6.0,0.352,0.573,0.936,88.5,0.55,1,0
3.987,1.002,8.595,4.859,1.043,9.513,4.438,6.104,3.938,5.08,0.614,0.456,0.929,67.3,-7.38,1,8
4.852,1.037,10.386,3.803,1.026,10.94,4.598,3.569,3.616,3.168,0.356,0.413,0.92,80.5,1.97,1,6
3.395,0.913,8.19,4.251,0.979,8.731,3.873,4.783,4.866,5.345,0.49,0.381,0.897,63.4,-1.66,0,6
5.054,1.136,9.18,3.577,0.951,7.304,6.2,4.132,3.338,3.707,0.571,0.446,1.057,60.5,5.3,1,11
3.046,0.962,7.307,4.796,1.063,8.046,3.673,4.116,3.511,2.5,0.308,0.48,1.033,72.4,0.29,0,10
4.774,1.085,12.157,3.465,1.02,8.924,3.756,4.207,4.177,3.81,0.2,0.61,0.973,60.3,-5.97,1,10
3.222,0.934,9.469,4.051,0.957,8.206,4.035,3.878,3.632,4.544,0.637,0.536,1.013,72.6,-0.22,1,8
5.743,1.18,9.713,2.5,0.9,8.733,5.304,5.219,3.831,2.5,0.363,0.461,0.967,74.8,4.33,1,10
3.717,0.9,6.932,4.66,1.075,6.013,3.0,4.916,5.268,2.983,0.62,0.622,1.024,52.5,8.21,0,8
3.993,0.962,8.856,2.486,0.9,9.623,4.44,4.618,4.361,4.227,0.332,0.762,0.91,47.3,3.87,1,9
3.159,0.924,6.156,2.965,0.912,9.089,4.856,4.871,4.88,3.917,0.467,0.596,1.044,74.6,-8.83,0,10
4.361,1.062,10.618,4.027,1.028,5.0,4.281,4.871,4.52,3.499,0.499,0.621,1.082,58.9,-11.5,0,9
3.491,0.944,11.38,5.018,1.058,10.533,3.156,4.661,3.794,2.5,0.434,0.696,1.117,62.7,-2.69,0,6
4.415,1.008,8.937,5.131,1.067,5.006,3.566,5.415,3.597,3.417,0.429,0.527,1.085,75.4,3.88,1,12
2.064,0.9,8.336,5.228,1.047,7.573,5.371,5.829,4.791,5.013,0.584,0.674,0.993,75.9,-4.44,1,12
5.03,1.122,8.516,4.39,1.031,9.492,3.618,5.147,4.351,4.144,0.562,0.671,0.922,74.8,-0.21,0,5
4.462,1.059,9.492,2.99,0.94,6.971,5.454,5.345,5.363,3.559,0.774,0.311,1.027,70.7,0.94,0,21
4.562,1.027,10.076,3.652,1.0,7.665,3.991,4.693,3.506,4.469,0.505,0.556,0.943,49.4,3.01,1,6
2.0,0.9,9.85,3.422,0.991,9.559,5.636,3.713,4.606,2.539,0.413,0.385,1.009,75.8,5.32,0,8
3.764,0.994,12.772,3.715,1.01,9.905,4.363,3.914,3.859,6.0,0.648,0.546,1.114,56.1,-5.08,1,11
6.418,1.181,10.457,4.378,0.988,7.881,3.548,3.0,3.166,4.273,0.657,0.689,1.002,58.0,-1.43,0,9
2.81,0.91,9.157,2.563,0.9,7.769,5.05,3.495,4.175,4.675,0.532,0.528,0.954,53.2,-2.53,0,5
5.19,1.149,7.025,6.234,1.174,9.094,6.088,5.941,3.825,4.545,0.535,0.68,0.942,68.4,-7.76,0,8
4.015,0.988,9.271,4.279,0.962,11.098,4.865,3.0,3.789,4.533,0.429,0.347,1.029,73.1,6.87,1,13
4.071,0.949,7.053,4.956,1.156,8.771,4.845,5.124,5.287,3.516,0.545,0.301,0.922,66.7,6.64,0,10
5.075,1.125,8.284,4.454,1.025,8.971,5.402,4.248,2.94,4.132,0.318,0.433,0.928,93.4,2.63,0,8
2.727,0.94,7.461,2.555,0.902,7.789,4.995,4.308,2.5,4.099,0.2,0.407,1.032,75.8,-2.38,1,8
3.483,0.983,7.891,2.789,0.933,10.898,5.659,4.271,4.122,3.411,0.521,0.346,0.873,46.4,5.86,0,6
5.064,1.161,8.214,3.904,1.051,8.4,4.506,4.86,5.259,5.865,0.493,0.466,0.953,70.0,3.76,1,12
4.622,1.037,8.56,2.188,0.9,9.572,4.108,5.192,3.725,2.5,0.616,0.359,0.854,75.7,-0.16,0,5
4.021,0.962,7.455,2.799,0.935,8.508,4.978,3.653,4.418,4.161,0.623,0.622,1.01,89.2,-1.11,0,7
3.41,0.908,5.0,6.069,1.211,5.033,5.079,5.23,2.928,4.7,0.282,0.426,0.995,73.6,0.93,1,12
4.617,1.079,10.356,4.915,1.055,7.882,3.843,5.607,4.019,3.467,0.562,0.456,0.9,60.5,7.44,0,10
5.321,1.116,9.65,4.919,1.053,7.83,4.761,3.756,2.774,2.97,0.442,0.469,1.015,45.0,0.91,1,11
4.112,1.036,8.645,2.824,0.9,6.783,4.477,4.225,5.252,2.625,0.483,0.465,0.989,77.8,-7.1,0,8
3.929,0.948,12.021,3.642,0.944,9.816,4.962,4.089,3.872,3.29,0.45,0.718,0.85,68.1,5.44,0,9
5.348,1.108,9.036,3.37,0.912,10.076,4.929,4.539,3.396,3.593,0.514,0.459,0.941,59.4,0.7,1,10
2.489,0.905,11.479,3.286,0.967,9.15,6.157,5.001,3.116,2.5,0.718,0.251,1.003,61.9,2.93,1,7
3.515,0.925,9.992,3.525,0.948,11.69,4.263,3.92,5.322,4.86,0.691,0.36,1.044,49.7,-0.95,1,3
5.721,1.128,9.928,4.735,1.097,8.188,3.694,4.833,3.172,3.81,0.413,0.39,1.059,68.5,-3.68,1,10
4.283,1.053,10.84,4.962,0.994,7.58,3.16,4.666,2.5,4.342,0.542,0.473,0.903,45.0,11.45,0,10
5.686,1.081,7.597,4.211,1.058,9.373,5.377,4.617,4.324,3.777,0.483,0.405,1.003,87.1,-1.41,1,15
6.229,1.22,8.517,4.788,1.047,7.149,4.662,4.179,2.813,3.209,0.49,0.232,1.005,74.1,-0.54,1,8
3.292,0.9,7.354,2.152,0.926,10.949,4.583,4.993,3.452,2.864,0.616,0.444,1.035,69.9,0.27,0,3
3.166,0.92,10.163,4.853,1.114,10.279,4.219,4.282,3.074,4.628,0.6,0.527,0.985,71.6,-0.87,1,14
5.194,1.181,7.64,2.171,0.9,7.352,5.209,5.506,3.22,4.181,0.28,0.505,0.944,68.4,-6.7,0,9
5.017,1.077,8.352,6.5,1.214,8.743,4.767,4.392,2.851,4.383,0.466,0.453,1.124,66.0,-8.45,1,6
5.168,1.081,6.587,4.575,1.059,7.925,3.343,5.608,4.586,3.179,0.696,0.595,1.068,67.9,6.97,0,12
4.389,1.03,10.244,2.481,0.9,7.792,4.071,4.154,4.142,3.871,0.56,0.369,0.921,98.6,1.5,1,4
4.38,1.013,8.81,2.0,0.9,7.454,5.134,4.539,2.5,4.475,0.393,0.518,1.2,55.7,0.43,1,12
5.119,1.205,7.789,4.19,1.001,8.009,3.776,4.211,4.831,4.765,0.278,0.443,0.962,54.8,12.0,1,12
5.102,1.058,9.038,2.843,0.909,5.0,5.012,5.301,5.522,3.7,0.704,0.45,0.944,73.2,4.39,0,8
4.4,1.056,9.694,3.342,1.009,9.943,4.615,4.953,3.003,4.11,0.463,0.391,0.963,46.0,15.0,0,10
3.738,0.994,7.274,2.0,0.9,8.479,4.136,5.694,4.289,3.313,0.604,0.347,0.948,80.0,10.82,0,6
3.971,0.984,8.916,3.19,1.009,8.775,4.163,4.51,4.381,3.632,0.502,0.612,0.964,61.6,-2.44,0,12
5.002,1.117,9.598,4.305,1.07,8.347,4.266,4.137,5.496,4.547,0.686,0.367,0.912,85.0,0.94,1,4
4.598,1.035,7.236,2.0,0.9,7.361,5.473,4.35,3.909,5.435,0.574,0.396,0.949,67.9,-4.69,1,15
2.0,0.9,9.17,4.709,1.077,9.549,6.415,3.0,4.135,2.877,0.341,0.738,0.85,72.2,1.1,1,6
4.82,1.079,8.756,2.508,0.9,8.354,4.776,4.482,3.182,5.272,0.515,0.478,1.043,70.9,-2.73,0,8
4.346,1.043,8.921,5.064,1.089,11.159,4.89,4.36,3.012,4.125,0.481,0.575,1.124,59.2,1.22,0,10
3.686,0.929,5.0,2.041,0.9,5.0,5.954,3.928,5.08,3.176,0.669,0.368,1.001,86.9,-4.02,0,11
4.98,1.078,7.522,4.563,1.046,9.039,4.465,4.762,4.658,3.908,0.666,0.555,0.975,65.3,-0.62,0,10
3.105,0.9,8.453,5.27,1.096,9.923,5.511,3.292,4.515,4.329,0.483,0.712,0.997,76.9,-3.19,0,5
2.934,0.9,6.402,5.774,1.154,8.162,5.026,5.833,4.077,3.425,0.7,0.516,1.001,94.2,-9.22,0,15
4.899,1.19,10.237,4.526,1.07,11.234,4.242,3.357,2.5,4.136,0.666,0.288,0.912,66.9,4.9,0,10
3.96,0.996,10.053,2.0,0.9,8.703,4.178,5.6,4.074,4.027,0.585,0.729,1.024,83.0,15.0,0,9
5.561,1.139,10.518,3.073,0.92,8.863,4.669,4.223,4.478,4.76,0.489,0.62,0.924,72.7,-0.3,1,7
4.435,1.003,9.162,4.532,0.984,10.195,4.744,3.121,3.063,3.498,0.605,0.317,0.944,79.5,-1.46,1,17
3.519,0.932,8.718,2.747,0.9,11.575,4.862,3.263,3.502,3.575,0.534,0.628,0.909,85.2,6.37,1,12
3.8,1.017,8.962,2.652,0.961,7.533,4.164,4.581,5.373,4.775,0.467,0.733,0.946,81.8,-0.73,0,13
2.988,0.954,11.633,3.335,0.9,10.618,3.719,4.483,4.579,5.643,0.358,0.27,1.037,81.5,3.87,1,21
3.892,0.979,9.224,2.033,0.9,8.618,4.62,5.204,2.5,3.539,0.454,0.443,0.85,67.2,-5.96,1,3
2.656,0.9,8.134,4.477,1.056,9.605,3.196,5.037,4.444,5.58,0.665,0.639,1.074,73.6,9.53,0,8
3.143,0.901,8.182,5.677,1.17,8.937,4.746,5.827,4.013,3.673,0.48,0.588,1.013,64.6,4.77,1,3
4.469,1.162,7.09,3.913,1.027,6.22,4.256,5.566,3.738,3.428,0.248,0.341,1.018,77.8,3.94,1,11
2.819,0.9,5.0,3.902,1.017,13.0,5.019,3.749,3.787,4.671,0.357,0.464,1.108,75.7,4.02,1,11
4.655,1.047,11.336,2.781,0.9,8.675,5.896,4.96,4.937,4.348,0.417,0.565,0.939,99.7,-12.64,1,10
3.325,0.961,6.185,4.372,0.998,10.658,3.402,3.283,2.5,3.67,0.528,0.542,1.057,72.6,2.56,1,13
6.5,1.259,8.384,2.499,0.9,8.522,6.19,5.529,3.322,3.264,0.343,0.339,0.945,73.0,-7.86,1,5
4.065,0.967,10.275,3.64,1.033,9.236,4.245,4.56,4.516,2.5,0.685,0.674,0.96,86.5,-7.17,1,8
6.5,1.254,9.148,2.556,0.917,10.439,3.62,4.422,2.5,3.665,0.553,0.417,1.055,85.2,1.22,0,17
5.38,1.145,10.144,3.255,0.907,6.554,4.656,4.031,4.765,3.828,0.422,0.722,1.029,70.2,-2.39,1,11
4.545,1.037,10.131,4.447,1.044,9.822,5.635,4.749,4.166,3.336,0.407,0.356,1.077,74.2,-5.84,1,13
3.304,0.906,7.512,4.166,1.039,9.463,3.828,4.558,3.853,4.961,0.444,0.293,0.97,49.8,2.01,1,12
4.153,0.967,7.532,3.938,0.978,9.699,4.302,4.665,3.619,4.064,0.55,0.443,0.874,47.8,-8.99,1,8
5.357,1.148,6.585,2.643,0.9,9.533,4.696,4.744,4.429,3.824,0.491,0.428,0.987,60.8,1.57,0,8
3.542,0.958,9.181,4.17,0.973,7.269,3.528,4.294,3.743,5.353,0.55,0.702,0.987,64.3,2.03,1,10
3.128,0.939,11.0,4.11,0.997,6.607,3.983,5.274,3.724,3.346,0.657,0.492,1.067,51.3,3.01,1,11
2.386,0.9,7.453,4.394,1.037,7.72,4.241,6.351,4.036,4.338,0.412,0.479,0.94,65.2,-0.52,1,9
3.75,1.025,9.063,2.633,0.926,9.11,3.975,5.34,5.266,3.766,0.382,0.486,0.968,63.6,-4.62,0,10
4.155,0.993,8.722,6.494,1.188,8.349,4.009,4.138,4.311,3.669,0.244,0.75,1.149,45.0,-2.03,0,8
5.773,1.142,8.713,4.138,1.047,9.371,4.671,4.02,3.049,5.435,0.459,0.57,1.072,89.9,6.19,1,10
2.719,0.9,8.026,2.932,0.98,8.987,4.46,4.119,4.872,2.57,0.631,0.558,1.141,78.0,0.34,0,12
4.521,1.008,8.429,4.292,1.047,5.811,4.912,5.01,3.443,2.758,0.711,0.765,1.01,74.9,1.47,0,7
6.5,1.192,10.58,2.948,0.973,7.637,4.258,3.0,5.295,4.213,0.536,0.639,1.05,84.3,2.51,0,5
4.436,1.037,7.056,3.159,0.9,8.551,4.488,3.991,3.664,4.752,0.612,0.489,0.915,75.9,3.41,1,6
3.01,0.944,8.877,3.207,0.981,7.657,4.267,4.218,4.727,5.252,0.327,0.636,0.916,45.0,0.93,1,10
3.677,0.928,8.938,4.428,0.98,8.555,5.724,4.918,2.956,5.131,0.225,0.44,1.023,87.1,0.8,1,7
4.723,1.083,8.146,3.359,0.962,6.347,3.839,3.83,3.779,4.197,0.492,0.75,1.005,88.2,-8.94,0,6
6.5,1.221,7.288,4.691,1.049,11.32,3.495,4.255,4.284,2.745,0.362,0.368,1.076,69.1,3.85,1,10
3.336,0.912,9.733,2.0,0.9,7.685,4.645,4.444,4.563,4.957,0.637,0.373,0.968,45.0,-3.7,0,11
3.879,0.999,10.443,3.352,1.014,9.959,4.608,5.021,3.926,3.919,0.492,0.628,1.143,84.3,2.2,1,11
4.814,1.086,7.722,3.901,0.978,11.286,5.611,4.268,3.383,4.3,0.415,0.459,1.124,50.7,-3.73,1,6
2.012,0.9,10.814,2.562,0.9,7.632,5.469,3.352,4.557,4.842,0.488,0.555,0.9,75.0,5.66,1,3
3.034,0.918,9.315,2.302,0.9,8.594,4.222,3.815,5.286,4.78,0.504,0.652,0.944,67.1,8.92,0,11
5.065,1.081,7.586,3.725,0.944,6.521,5.781,4.194,5.903,2.823,0.539,0.443,1.019,78.5,9.84,1,10
4.418,1.058,8.325,5.535,1.102,7.494,4.765,5.434,3.297,3.854,0.545,0.501,0.97,85.5,-3.54,1,11
5.303,1.151,6.207,4.595,1.046,6.749,4.8,4.915,4.205,5.051,0.353,0.377,0.896,56.4,4.8,1,10
3.113,0.914,7.139,4.79,1.092,8.464,4.407,3.705,3.568,4.717,0.358,0.672,1.092,59.1,2.21,0,7
2.896,0.908,9.556,2.0,0.9,8.466,4.469,4.159,2.5,3.594,0.592,0.641,1.045,79.1,-3.84,0,12
3.039,0.9,10.056,2.706,0.9,9.906,5.02,5.769,4.213,4.322,0.334,0.508,0.894,67.7,0.47,0,11
3.269,0.947,6.524,4.277,1.133,7.985,3.553,5.109,4.463,3.771,0.459,0.505,1.134,64.3,-2.12,0,9
3.934,0.992,6.553,4.864,1.137,7.887,3.473,4.203,5.152,4.63,0.554,0.473,0.949,88.1,0.6,0,6
3.976,0.939,7.824,2.0,0.9,10.888,3.959,5.27,5.132,4.33,0.594,0.618,0.85,60.1,3.03,0,9
5.843,1.124,10.754,4.601,1.02,12.162,4.389,5.056,2.5,3.967,0.324,0.268,0.989,45.0,2.93,1,10
4.035,0.998,7.118,5.587,1.165,9.815,4.277,3.766,4.596,4.295,0.428,0.596,0.959,84.3,-4.36,1,6
2.0,0.9,8.389,3.892,1.035,12.8,5.048,4.329,4.499,4.533,0.453,0.465,0.955,78.2,-4.74,1,12
4.557,1.094,10.04,3.542,0.905,9.286,4.218,5.301,4.439,2.5,0.27,0.67,1.031,61.1,5.44,0,15
3.123,0.9,5.905,4.33,1.049,9.265,3.517,4.278,2.5,3.261,0.649,0.437,1.035,63.5,-0.55,0,7
4.165,1.079,10.507,4.106,0.994,8.25,4.947,4.665,5.111,2.943,0.727,0.44,0.867,85.2,8.03,1,8
4.08,0.994,8.444,3.718,0.903,7.46,4.311,4.052,2.53,4.907,0.599,0.461,0.93,65.4,-0.01,1,9
4.354,1.044,9.776,4.828,1.064,7.596,5.795,4.491,5.654,4.356,0.2,0.43,1.024,79.6,-4.98,0,10
3.952,0.972,9.288,3.859,0.938,11.239,4.666,3.948,4.936,4.136,0.546,0.579,0.986,68.0,3.03,1,7
3.357,0.915,10.532,3.202,0.941,10.83,3.917,4.221,3.252,5.273,0.344,0.547,0.999,82.2,0.61,0,5
2.977,0.9,8.733,4.775,1.069,7.908,3.99,4.971,3.886,3.85,0.556,0.452,0.985,80.8,6.85,1,10
3.303,0.9,8.003,5.905,1.116,5.189,5.494,3.534,3.631,4.015,0.478,0.567,0.972,80.4,0.07,1,14
3.954,0.9,8.653,3.936,0.988,10.034,3.223,4.611,5.063,3.297,0.645,0.428,1.079,98.1,-8.25,0,6
3.63,1.001,7.219,4.41,0.957,7.801,4.116,4.267,4.595,4.087,0.427,0.407,0.966,64.9,4.79,0,7
4.856,1.069,7.944,3.771,1.011,11.235,3.0,5.784,3.85,3.725,0.227,0.211,0.932,73.2,-5.65,1,7
6.5,1.171,8.165,3.648,0.974,11.073,4.752,3.969,4.261,3.769,0.62,0.2,0.939,62.7,-1.1,0,15
4.335,1.063,8.223,4.089,1.063,8.245,3.683,3.0,5.351,4.142,0.461,0.604,0.968,69.4,-11.27,0,6
5.622,1.212,8.816,2.359,0.92,9.568,6.206,5.885,5.247,3.745,0.445,0.627,0.954,65.0,-2.96,0,9
4.174,1.004,6.889,4.602,1.114,7.204,3.531,5.859,3.645,4.415,0.692,0.534,1.088,45.0,-2.29,1,12
5.642,1.131,7.022,4.362,1.047,10.347,5.055,4.243,6.0,4.684,0.518,0.596,1.019,75.5,8.87,1,14
4.141,1.028,8.962,4.767,1.081,11.077,5.533,4.55,5.523,4.398,0.714,0.527,0.886,59.2,4.61,1,7
2.792,0.948,11.198,3.005,1.027,9.294,4.354,5.129,4.097,4.404,0.406,0.444,0.98,93.1,4.38,0,10
3.403,0.972,6.291,3.02,0.905,11.663,4.556,4.121,3.697,3.996,0.419,0.48,1.003,46.3,8.89,0,7
2.669,0.9,8.315,3.942,0.984,9.702,3.445,4.785,3.952,3.186,0.296,0.709,0.953,86.3,13.69,0,9
2.0,0.9,9.177,3.152,0.932,7.563,4.297,3.595,4.914,4.238,0.479,0.36,1.027,71.9,12.71,1,10
3.912,1.101,6.75,4.754,1.005,7.489,5.611,3.729,3.838,3.523,0.497,0.765,1.072,75.3,3.91,0,7
2.277,0.9,7.899,2.0,0.9,6.98,4.257,4.004,4.798,4.758,0.56,0.56,0.931,60.0,-8.79,0,6
4.477,1.093,9.184,5.784,1.09,8.66,5.844,4.763,4.201,4.661,0.494,0.619,1.004,67.8,11.27,1,11
4.088,0.959,7.738,5.631,1.185,8.988,3.0,5.201,3.788,4.696,0.524,0.494,0.949,76.7,-5.29,1,10
4.048,1.112,8.936,2.0,0.9,8.042,4.997,3.0,4.063,4.255,0.489,0.528,1.051,64.5,-4.57,1,8
2.312,0.9,8.152,4.553,1.05,7.254,4.165,4.86,3.208,4.865,0.63,0.538,0.968,52.5,7.98,1,6
2.3,0.9,9.204,2.0,0.9,11.136,3.333,3.613,5.433,3.302,0.338,0.661,1.053,56.2,8.34,0,3
2.752,0.9,8.235,4.428,1.026,7.936,4.137,4.756,5.344,5.157,0.527,0.556,1.043,59.2,3.3,0,12
3.326,0.927,7.614,4.414,1.105,9.869,4.43,4.017,3.933,4.188,0.531,0.329,0.85,79.8,-0.98,1,5
4.362,1.025,10.034,4.5,0.999,6.983,3.0,5.151,3.804,3.517,0.393,0.2,0.85,81.8,-7.29,1,12
4.05,0.948,9.044,3.36,0.963,8.646,5.771,4.427,4.803,3.66,0.701,0.347,1.063,73.7,-6.56,1,7
3.564,0.963,9.486,2.534,0.9,9.016,3.858,4.813,4.854,4.078,0.229,0.298,0.975,80.4,6.21,0,9
4.295,1.036,8.328,3.459,0.9,9.64,4.169,5.941,3.628,4.262,0.579,0.2,1.062,72.7,-0.56,1,7
3.105,0.941,6.733,4.544,1.025,7.504,4.892,5.541,3.848,3.067,0.51,0.327,1.022,72.1,-3.78,1,9
2.794,0.901,6.978,4.872,1.095,10.157,4.055,3.745,4.489,4.632,0.668,0.456,1.06,85.5,11.41,1,14
4.237,1.013,7.832,2.248,0.9,10.03,4.33,5.409,4.493,4.176,0.56,0.4,1.053,81.0,-3.05,0,7
4.552,1.035,9.075,4.904,1.087,8.155,4.967,5.44,2.909,2.5,0.572,0.539,1.196,89.4,0.32,0,11
5.086,1.119,6.909,2.06,0.9,13.0,3.0,5.847,2.839,3.191,0.437,0.454,1.061,84.1,-9.79,0,6
3.68,0.97,8.214,4.594,0.981,9.394,3.245,5.148,2.5,2.5,0.618,0.502,0.987,74.6,-8.91,0,11
2.084,0.9,6.907,3.968,0.934,8.845,3.928,4.803,3.906,3.907,0.352,0.54,1.079,68.6,-2.74,0,7
3.045,0.964,7.461,3.824,0.967,10.344,4.541,5.302,3.747,2.502,0.526,0.563,1.069,67.9,-4.78,1,13
2.974,0.961,8.681,3.168,0.919,8.744,4.096,3.468,4.583,5.53,0.493,0.325,0.996,90.8,5.93,1,8
4.213,1.002,10.447,4.606,1.068,9.093,4.983,4.143,2.962,3.609,0.498,0.461,1.094,74.3,10.03,1,7
3.701,0.97,10.334,4.815,1.093,10.038,4.476,3.738,3.166,5.396,0.769,0.455,0.974,84.9,-0.74,1,5
6.01,1.217,11.859,3.352,1.008,9.811,5.684,4.358,3.88,2.676,0.612,0.498,0.98,70.8,-14.12,0,7
2.597,0.9,7.856,3.543,0.988,10.8,4.89,5.505,3.607,3.251,0.377,0.537,0.85,50.4,-1.04,1,4
2.763,0.9,8.302,3.11,0.918,7.932,4.807,4.064,3.668,2.519,0.631,0.515,0.85,78.1,15.0,1,8
5.061,1.128,7.591,4.11,1.002,8.874,5.223,4.956,5.488,2.5,0.322,0.593,0.96,91.8,-1.85,0,8
5.552,1.123,8.658,3.62,0.904,10.071,5.15,4.857,4.208,5.141,0.303,0.237,0.918,83.5,-3.67,1,10
2.705,0.9,9.727,3.732,0.953,9.344,4.478,3.454,4.588,3.379,0.721,0.36,0.954,57.8,2.71,0,4
3.713,0.964,9.557,6.5,1.243,10.066,4.207,4.449,5.061,3.44,0.353,0.613,1.036,71.8,0.08,0,7
5.665,1.155,8.809,2.832,0.922,11.634,5.632,5.527,4.15,3.921,0.485,0.434,0.9,53.2,-1.97,1,13
2.479,0.903,7.549,6.181,1.153,7.627,4.6,3.823,5.527,3.357,0.494,0.534,1.083,81.1,2.65,0,6
3.929,0.945,9.159,4.246,1.062,7.403,4.514,4.207,4.501,3.296,0.515,0.54,0.973,73.9,5.39,1,10
5.002,1.097,10.745,4.15,1.023,9.583,5.222,3.472,2.808,4.363,0.537,0.462,1.012,55.7,-2.2,1,11
3.019,0.995,7.524,3.267,0.993,10.586,3.0,5.601,2.929,4.918,0.428,0.624,1.2,83.1,3.21,0,13
2.464,0.9,6.36,2.347,0.9,8.494,4.021,3.846,3.654,3.841,0.627,0.481,1.036,75.3,2.11,1,11
6.5,1.244,6.392,2.936,0.9,7.714,4.281,5.146,3.209,2.8,0.219,0.333,0.977,67.3,-3.92,0,11
4.034,1.06,10.077,5.306,1.045,6.929,4.042,3.325,4.558,3.116,0.544,0.435,1.084,80.2,-2.75,0,11
2.595,0.9,7.94,2.687,0.931,5.784,4.134,4.589,3.932,3.791,0.574,0.428,1.115,77.1,-5.48,1,8
4.87,1.099,8.124,2.988,0.9,11.345,5.05,4.586,3.41,5.204,0.424,0.255,0.947,80.6,-2.71,0,7
3.804,1.044,7.155,3.923,1.024,5.726,3.542,4.181,5.19,4.94,0.578,0.321,1.061,71.5,-0.37,1,12
2.0,0.9,9.913,2.742,0.9,7.381,5.861,4.722,2.567,3.296,0.525,0.595,1.161,81.8,0.01,0,13
3.631,0.955,7.174,3.737,1.001,7.735,3.0,5.569,2.93,4.089,0.463,0.417,1.032,76.0,-1.52,0,9
3.379,0.975,6.773,3.524,0.985,10.581,3.0,4.277,2.5,4.521,0.368,0.692,0.981,75.9,3.2,1,9
4.749,1.138,8.962,3.77,0.981,11.019,5.035,5.635,5.388,3.96,0.562,0.546,0.85,62.1,7.57,0,6
3.72,0.937,8.721,4.221,1.063,10.001,4.076,4.944,2.5,4.155,0.621,0.333,1.114,78.9,8.21,1,10
5.209,1.165,9.063,5.495,1.129,7.409,3.251,3.77,5.596,5.12,0.519,0.541,0.991,64.2,-6.88,0,6
2.395,0.9,6.704,4.005,1.007,8.9,5.535,3.0,4.248,3.017,0.679,0.717,0.938,77.9,5.12,1,12
4.85,1.074,6.967,4.201,1.057,9.297,4.388,4.178,4.557,3.486,0.686,0.423,0.952,82.3,-0.64,1,11
4.544,1.049,6.733,4.943,1.055,8.518,4.754,4.13,3.461,5.576,0.532,0.551,0.987,69.9,0.77,0,17
3.997,1.075,9.585,5.14,1.135,8.882,5.237,4.877,4.183,5.217,0.594,0.43,0.93,73.4,9.72,1,9
2.973,0.905,6.805,4.238,1.017,11.414,3.831,3.0,3.86,3.547,0.38,0.455,1.097,51.3,8.82,1,6
2.947,0.914,5.0,3.925,0.957,10.816,3.675,6.5,5.001,3.653,0.328,0.469,0.888,47.5,-5.77,0,4
2.356,0.9,8.332,3.722,0.972,6.671,4.194,4.391,3.666,4.401,0.433,0.621,0.931,71.6,-1.76,1,5
3.483,0.943,10.712,4.218,1.104,8.799,4.209,4.98,2.598,4.058,0.2,0.394,0.924,92.9,7.9,1,6
3.869,1.033,9.604,2.561,0.9,12.694,5.639,3.488,4.286,3.783,0.462,0.628,0.989,82.0,-2.66,1,8
2.749,0.9,9.891,2.0,0.9,6.276,4.286,4.764,3.575,4.145,0.8,0.377,0.991,66.7,-0.85,1,5
2.824,0.913,11.529,5.341,1.094,9.949,4.741,5.003,4.138,3.084,0.404,0.721,0.972,75.1,0.4,0,6
3.182,0.932,8.799,4.357,1.094,10.139,5.009,5.234,3.342,2.53,0.574,0.231,1.104,62.4,0.41,0,6
4.299,1.068,9.887,2.746,0.903,9.549,5.262,3.0,3.924,4.04,0.489,0.504,0.865,49.4,-3.18,0,6
4.218,1.039,7.488,4.033,0.966,9.053,4.196,4.813,4.465,5.258,0.386,0.447,0.88,74.9,4.52,0,15
3.925,1.048,9.907,2.974,0.924,7.907,6.192,3.619,4.654,3.251,0.42,0.519,0.982,87.3,-8.94,0,9
4.269,1.038,7.525,3.758,0.929,9.201,3.694,5.802,4.35,4.106,0.572,0.702,0.99,46.7,-2.72,0,9
4.178,1.012,10.833,5.951,1.248,8.796,5.154,4.095,3.877,3.837,0.2,0.701,1.135,73.4,1.83,1,12
6.26,1.176,9.275,5.69,1.13,9.645,4.979,4.907,5.281,3.056,0.406,0.619,1.024,65.6,-8.89,1,7
5.605,1.157,7.185,5.475,1.097,6.646,4.171,4.586,4.478,3.591,0.592,0.543,1.148,60.5,-5.42,1,8
4.347,1.056,6.34,2.896,0.915,6.714,4.774,4.185,5.362,5.062,0.5,0.452,1.091,69.6,0.31,0,6
5.62,1.165,7.525,2.816,0.912,9.217,4.616,4.701,4.031,3.331,0.402,0.474,0.953,83.1,-3.84,1,13
4.789,1.005,8.074,2.0,0.9,7.959,5.706,5.133,4.125,2.5,0.497,0.245,1.134,71.4,-0.45,0,6
2.0,0.9,9.094,2.091,0.9,8.281,4.701,4.604,4.48,4.766,0.482,0.463,0.949,63.0,1.01,0,5
2.572,0.9,8.834,2.204,0.9,7.837,4.028,3.73,5.166,4.549,0.503,0.554,0.933,62.4,-6.98,1,10
4.236,1.02,8.863,6.244,1.148,7.986,5.38,3.576,5.315,3.768,0.541,0.786,0.85,70.5,-7.8,1,9
3.922,0.995,11.015,3.299,0.947,8.363,4.074,3.666,3.551,4.04,0.658,0.492,1.009,71.5,12.5,0,6
4.124,1.051,5.0,6.313,1.2,9.367,4.37,4.862,3.978,4.467,0.614,0.724,0.982,64.9,-1.36,1,8
2.297,0.909,11.454,3.041,0.908,7.777,4.798,5.423,5.0,4.017,0.306,0.354,0.975,90.1,4.67,1,11
4.211,1.054,6.238,4.219,1.044,9.6,4.592,3.197,4.323,4.051,0.535,0.501,0.959,81.3,-0.01,0,7
4.948,1.077,7.691,4.275,1.071,9.767,4.188,5.036,4.097,5.285,0.629,0.555,1.071,57.3,4.99,0,9
4.88,1.012,8.222,3.804,1.005,6.932,3.8,3.0,3.608,3.339,0.641,0.506,1.032,88.2,-12.56,0,5
6.5,1.179,6.428,3.987,1.021,11.016,5.325,4.001,5.237,4.771,0.531,0.369,0.85,59.5,-1.98,0,5
4.177,0.955,8.692,3.0,0.9,9.016,4.118,4.188,3.633,4.421,0.367,0.38,1.007,50.2,-11.08,1,12
3.797,0.973,9.804,4.926,1.031,9.919,3.0,4.161,3.597,4.224,0.8,0.398,1.042,100.0,-2.83,1,6
6.098,1.129,9.53,2.733,0.9,11.108,4.265,4.123,5.375,3.563,0.426,0.288,1.07,66.1,-1.98,1,14
3.014,0.941,7.603,2.794,0.915,7.596,4.383,3.178,2.91,3.589,0.285,0.584,1.023,78.2,-4.8,1,7
6.5,1.218,9.971,5.513,1.114,8.74,4.721,3.443,3.404,5.166,0.4,0.736,1.11,65.0,1.06,1,17
3.227,0.94,5.041,4.012,0.969,10.798,5.432,3.179,2.597,4.168,0.582,0.703,1.099,66.0,-6.49,1,8
4.29,1.032,10.028,3.122,0.927,7.449,3.533,4.987,3.806,3.828,0.428,0.274,1.036,97.3,-1.1,0,6
3.845,0.995,5.971,3.106,0.911,7.959,5.063,4.717,4.362,3.546,0.59,0.535,1.03,45.1,-5.49,0,4
6.23,1.199,8.329,2.132,0.9,5.024,4.52,4.936,3.113,2.941,0.714,0.2,1.072,73.3,-0.53,1,6
5.556,1.19,10.311,3.203,0.954,7.171,4.173,3.11,5.273,4.304,0.609,0.495,0.923,66.6,-0.52,1,3
4.951,1.019,7.267,3.528,0.947,8.931,3.764,4.97,3.019,3.583,0.362,0.64,1.063,58.0,9.67,0,7
2.858,0.9,9.292,4.524,1.036,7.788,3.844,4.65,4.784,2.804,0.477,0.518,0.888,73.7,5.94,0,6
4.778,1.078,9.189,4.859,1.06,8.128,4.9,3.884,2.924,5.119,0.551,0.73,1.067,58.2,-6.97,1,10
4.093,1.016,8.933,4.502,1.048,9.274,3.732,5.586,4.223,3.781,0.44,0.511,0.974,84.4,-2.25,0,9
3.442,0.936,8.631,6.5,1.207,8.884,4.832,3.705,6.0,3.033,0.554,0.588,0.994,76.2,0.86,1,6
2.839,0.906,10.138,4.664,1.032,7.078,5.811,4.312,3.414,2.809,0.517,0.372,1.001,86.9,-9.62,1,4
3.929,1.005,6.023,5.804,1.174,6.841,5.024,3.421,2.656,3.819,0.533,0.437,1.163,96.3,9.09,1,9
4.546,1.065,7.523,3.772,1.011,8.674,3.548,5.272,3.311,3.375,0.574,0.602,0.928,76.9,-7.02,0,9
5.131,1.158,9.696,3.726,0.941,8.634,5.533,5.223,4.257,4.697,0.525,0.297,1.061,84.7,-2.02,0,9
6.146,1.173,7.76,4.164,0.968,8.308,3.974,4.625,3.161,4.116,0.605,0.54,1.032,78.7,-3.99,1,18
3.787,0.914,7.337,3.707,1.01,7.086,3.0,5.688,3.652,6.0,0.49,0.775,0.985,55.6,-3.14,0,5
2.771,0.9,9.796,3.962,0.97,10.361,4.673,5.146,5.0,2.858,0.319,0.424,0.996,57.7,-3.38,1,10
2.59,0.903,7.348,3.237,0.9,7.567,4.484,3.694,4.529,5.059,0.595,0.642,0.925,79.5,5.41,1,11
4.116,0.964,9.93,3.908,0.938,5.501,4.534,4.297,4.389,5.469,0.381,0.42,0.85,77.4,12.73,1,7
4.718,1.013,6.611,5.812,1.178,10.599,4.062,5.783,3.594,3.414,0.429,0.665,0.964,69.6,7.12,1,8
5.889,1.221,9.893,3.549,0.999,6.011,6.344,4.727,2.697,3.165,0.609,0.8,1.032,80.4,-0.33,1,9
4.04,0.984,6.317,2.989,0.929,5.092,4.859,5.47,4.399,4.361,0.498,0.596,0.957,80.0,4.68,0,7
5.725,1.12,8.735,3.4,0.903,5.798,4.694,4.999,4.441,3.253,0.544,0.702,1.074,67.5,-2.78,0,8
4.794,1.035,8.564,4.388,1.104,5.175,5.209,5.73,6.0,4.439,0.582,0.328,1.024,67.3,0.4,1,11
3.49,0.905,6.153,3.1,0.9,9.729,3.189,4.297,5.041,2.804,0.308,0.744,0.989,88.4,6.69,0,10
4.247,0.963,7.68,3.297,0.923,7.575,4.505,3.958,3.373,5.938,0.317,0.439,1.078,81.3,-2.27,1,16
4.325,1.05,9.836,4.152,1.004,8.431,4.658,6.369,3.115,4.605,0.388,0.383,0.852,83.2,-4.75,1,9
3.25,0.969,9.701,5.717,1.144,8.592,4.319,4.84,4.472,3.504,0.452,0.516,0.85,91.3,0.12,0,8
4.388,1.048,9.886,3.936,0.947,8.448,3.428,3.478,3.942,3.633,0.605,0.342,0.85,88.1,-9.25,1,3
3.751,0.943,8.939,3.459,0.923,6.346,5.439,4.252,3.468,3.138,0.2,0.468,0.892,71.8,1.1,1,10
5.686,1.116,7.651,5.202,1.12,9.208,4.691,5.508,2.5,3.545,0.367,0.541,0.988,93.4,-0.79,1,12
6.5,1.256,10.647,4.818,1.087,8.923,4.671,4.925,4.33,5.146,0.398,0.382,1.005,63.2,-2.47,0,7
4.294,1.014,9.67,3.556,0.98,10.606,3.97,4.97,2.69,5.317,0.503,0.718,0.865,45.0,-1.81,1,10
3.87,1.043,7.676,4.14,1.072,7.754,5.314,4.589,4.118,4.634,0.525,0.775,1.141,71.4,-0.82,0,12
2.125,0.9,8.144,6.5,1.204,8.965,3.666,4.445,3.965,2.937,0.5,0.481,1.083,68.3,-3.52,1,11
2.62,0.9,7.487,3.732,0.991,7.136,4.232,6.065,4.925,4.854,0.554,0.313,0.992,88.3,-0.69,0,17
3.379,0.9,7.65,4.41,0.993,7.772,3.647,3.718,5.495,3.091,0.507,0.266,1.072,74.5,5.34,1,8
4.569,1.101,6.109,5.415,1.118,9.419,4.619,4.983,3.715,3.299,0.53,0.414,1.023,61.5,11.97,0,16
5.114,1.104,9.778,4.993,1.075,8.388,4.992,4.148,3.568,4.237,0.368,0.711,1.015,84.2,2.86,1,12
5.359,1.069,9.656,3.253,0.953,8.815,4.031,6.5,4.929,5.744,0.73,0.304,0.96,80.1,-10.46,0,10
2.106,0.9,8.241,4.626,1.035,8.773,5.813,4.601,4.192,2.735,0.461,0.394,1.145,63.3,-0.86,1,5
2.753,0.9,7.734,2.816,0.9,10.344,5.229,4.09,5.004,3.713,0.507,0.468,0.987,70.9,10.63,1,11
2.241,0.9,5.005,4.923,1.075,5.693,4.035,5.494,3.078,4.371,0.463,0.465,0.855,89.6,-3.64,1,7
3.871,1.029,11.521,4.013,1.018,8.928,3.844,5.119,3.539,3.842,0.495,0.383,1.033,71.1,-1.12,1,9
2.122,0.9,8.074,3.707,1.001,7.771,5.811,3.71,4.264,4.572,0.485,0.372,0.894,69.5,14.64,1,14
5.888,1.127,6.523,3.437,0.997,7.529,4.716,3.934,2.5,3.103,0.357,0.412,1.042,69.3,-6.49,0,7
3.887,0.943,12.569,4.237,1.045,5.483,4.483,4.737,3.19,4.838,0.334,0.466,0.919,85.3,6.48,1,13
4.556,1.086,9.476,4.903,1.069,7.573,4.965,4.096,5.187,5.496,0.385,0.754,0.887,67.4,-9.25,0,6
3.981,0.976,7.526,3.726,0.996,8.597,4.249,3.841,4.505,3.932,0.38,0.419,1.014,66.9,-4.06,0,7
3.399,0.938,9.346,6.5,1.216,8.176,4.546,4.656,5.25,3.512,0.237,0.474,0.95,70.0,2.59,1,8
5.669,1.172,9.39,3.281,0.934,8.316,5.651,4.542,2.754,3.877,0.586,0.74,1.007,84.2,10.58,0,7
4.538,1.057,6.457,4.29,1.043,7.256,3.803,4.675,3.268,4.379,0.395,0.404,0.967,85.0,1.24,1,8
5.515,1.129,5.718,4.211,1.023,8.207,4.885,3.817,6.0,4.569,0.537,0.367,1.192,53.5,-5.01,1,13
2.643,0.9,7.282,5.141,1.11,10.619,3.87,4.222,3.339,3.771,0.526,0.618,1.009,47.2,-13.45,1,10
3.51,0.939,7.381,3.925,0.962,8.843,4.518,4.482,4.47,3.38,0.378,0.495,0.977,79.5,-1.87,1,5
2.918,0.907,7.753,2.0,0.9,8.34,5.127,4.685,3.656,3.942,0.459,0.628,1.062,60.3,-2.2,0,7
4.46,1.091,6.831,4.204,1.009,8.626,5.543,5.782,5.15,3.595,0.475,0.253,0.947,66.8,-0.73,1,18
4.023,1.039,8.63,4.582,1.054,7.265,3.0,4.921,3.859,4.615,0.432,0.541,1.025,51.9,-0.24,0,10
3.908,1.047,11.323,4.685,1.033,5.612,4.782,5.864,3.093,5.297,0.557,0.465,1.006,68.8,-2.42,1,14
2.904,0.9,9.569,3.568,0.9,9.761,4.986,5.136,3.774,2.873,0.458,0.604,1.022,45.3,-2.29,0,9
3.309,0.947,7.945,3.516,0.945,8.387,3.813,3.614,4.526,4.652,0.24,0.661,1.033,74.4,7.03,0,10
4.925,1.095,10.17,2.0,0.9,8.889,4.109,5.074,4.543,3.725,0.418,0.428,0.994,53.5,9.58,0,11
3.896,1.001,7.126,3.797,0.995,7.256,3.292,4.08,3.49,3.85,0.385,0.325,1.024,53.0,15.0,0,7
6.03,1.162,6.984,3.664,0.929,7.393,3.439,6.237,3.154,3.978,0.266,0.395,0.926,52.9,3.44,0,12
2.821,0.903,8.667,3.325,0.909,7.918,3.874,4.935,3.927,4.214,0.458,0.321,1.002,81.8,-0.78,0,7
4.115,0.991,9.243,2.0,0.9,8.027,4.285,5.693,4.67,5.591,0.702,0.285,0.986,59.2,-5.32,0,6
6.407,1.269,8.703,5.471,1.112,8.69,4.578,5.994,4.828,3.918,0.794,0.427,0.975,72.6,-2.86,0,10
4.484,1.044,8.761,2.0,0.9,11.238,4.662,4.684,4.522,3.653,0.435,0.312,0.973,83.3,-5.88,0,11
4.579,1.087,5.057,5.938,1.197,5.0,3.645,4.855,4.535,4.038,0.334,0.722,0.987,59.1,-4.58,1,5
3.809,0.967,8.675,4.16,1.052,7.137,3.516,4.875,2.5,3.64,0.529,0.559,0.937,83.2,-1.05,1,11
4.302,1.032,6.139,4.388,1.009,8.721,3.676,5.46,5.11,3.534,0.334,0.622,0.926,59.6,5.56,1,5
4.171,0.941,8.578,5.818,1.146,10.511,5.082,3.523,6.0,3.941,0.457,0.531,1.034,61.3,-4.76,0,9
4.501,1.01,9.9,4.197,1.005,7.473,4.692,3.0,3.04,3.358,0.452,0.573,0.951,52.7,-4.61,1,5
2.43,0.9,7.801,4.685,1.066,6.917,5.565,3.927,4.059,4.087,0.723,0.777,1.047,52.8,-1.22,0,8
4.41,0.988,9.426,3.062,0.9,11.582,3.75,4.389,5.348,3.09,0.628,0.379,1.069,85.8,-0.93,0,8
3.863,1.034,8.742,4.126,0.999,6.489,3.236,3.944,5.363,5.78,0.465,0.377,0.99,73.1,-4.96,1,3
4.044,1.027,8.921,2.652,0.9,10.388,4.987,4.88,4.483,5.149,0.334,0.466,1.092,60.7,-9.78,1,8
4.454,1.111,11.953,4.036,0.993,6.361,5.344,3.505,2.5,3.941,0.511,0.603,1.056,60.3,-0.14,0,11
5.017,1.09,8.351,4.166,1.009,8.859,3.438,4.131,4.489,5.017,0.623,0.386,1.005,64.2,-2.13,1,7
5.455,1.116,7.599,2.479,0.9,10.296,4.105,4.981,4.486,3.363,0.552,0.565,0.85,80.3,5.83,0,2
3.499,0.91,11.27,3.115,0.927,8.686,4.043,4.068,3.446,4.263,0.727,0.422,0.896,78.0,-0.83,1,5
3.984,1.034,8.354,4.113,1.06,7.02,4.298,5.231,4.009,4.018,0.616,0.437,1.076,74.5,-2.0,0,13
3.118,0.948,10.092,4.504,1.044,7.822,4.569,5.723,4.379,4.861,0.418,0.325,1.135,88.8,3.83,1,13
3.222,0.9,10.449,4.259,1.027,5.0,3.861,6.13,4.649,4.388,0.243,0.764,0.95,96.3,-8.18,0,13
4.307,1.082,10.746,4.054,0.91,9.346,4.533,4.905,3.319,3.301,0.597,0.288,1.003,65.3,6.41,1,5
5.326,1.103,11.59,2.837,0.917,8.272,5.29,3.225,3.372,4.406,0.675,0.732,0.994,100.0,-0.13,0,6
4.474,1.078,9.393,3.579,0.912,6.5,4.194,5.589,2.5,4.538,0.224,0.49,1.068,82.5,0.07,0,6
4.524,1.025,6.303,5.086,1.086,8.391,4.831,4.34,3.921,5.05,0.613,0.681,1.05,65.0,-3.88,1,6
2.71,0.9,7.534,4.462,1.069,5.283,4.023,4.934,2.819,3.936,0.443,0.474,1.045,71.8,4.3,1,5
2.155,0.9,7.647,2.175,0.9,5.0,5.6,4.973,3.026,5.203,0.525,0.563,1.036,87.7,-7.6,0,4
6.052,1.113,7.357,3.827,1.013,7.352,4.329,5.876,4.512,4.753,0.53,0.255,1.013,84.8,1.31,0,14
3.947,0.994,7.777,2.0,0.9,8.446,5.901,4.225,2.78,3.772,0.447,0.283,1.097,74.8,-2.82,1,8
3.691,0.993,10.074,3.512,0.9,10.19,5.522,4.666,3.96,3.495,0.425,0.511,1.161,76.7,5.64,1,15
3.153,0.932,9.492,2.77,0.903,9.465,3.64,3.584,4.315,3.499,0.61,0.41,0.851,71.6,3.98,1,3
4.88,1.058,6.989,2.685,0.9,7.523,4.363,5.369,4.077,3.45,0.315,0.408,1.028,45.8,3.32,1,5
5.763,1.113,8.641,5.391,1.04,9.617,4.278,4.403,2.967,4.476,0.605,0.536,0.945,54.0,13.81,0,5
3.467,0.959,8.882,2.658,0.9,9.054,5.784,5.418,5.112,4.655,0.605,0.308,1.076,77.9,9.52,0,10
3.695,1.053,10.141,3.791,1.04,8.641,3.556,3.982,3.56,3.169,0.739,0.261,0.929,58.1,6.79,1,12
3.295,0.925,7.461,3.675,1.0,6.013,4.436,4.198,3.64,2.5,0.415,0.712,0.968,56.6,-1.2,0,5
4.808,1.094,6.719,3.721,0.971,8.283,4.478,4.596,4.931,3.606,0.522,0.451,1.048,45.0,-12.75,0,7
4.61,1.022,5.63,4.299,0.973,7.594,6.5,4.178,4.429,4.075,0.583,0.337,0.9,65.2,-6.74,1,8
3.325,0.932,10.652,3.933,0.99,9.879,4.137,3.629,4.474,4.62,0.641,0.8,0.983,73.5,-4.43,0,12
5.318,1.102,7.926,4.567,1.009,6.516,4.152,3.969,4.351,2.5,0.661,0.43,0.981,60.6,2.78,0,10
4.23,1.023,9.838,2.956,0.9,7.191,3.264,3.357,3.784,4.109,0.554,0.419,0.92,45.0,5.79,0,9
4.255,1.031,8.99,4.633,1.069,8.359,6.483,3.926,5.213,5.519,0.366,0.407,0.966,71.2,-2.82,1,8
4.287,1.007,7.866,3.706,0.952,5.0,5.177,4.205,3.872,4.1,0.652,0.475,0.921,57.9,-5.96,1,6
3.195,0.951,13.0,4.932,1.107,10.035,3.292,4.919,2.5,3.341,0.388,0.508,0.899,80.9,-4.26,1,7
3.528,0.937,9.118,2.608,0.919,6.777,5.222,4.26,4.603,3.983,0.533,0.337,0.927,70.2,13.9,1,14
4.643,1.049,7.07,4.127,1.027,7.886,4.773,4.145,4.943,4.793,0.421,0.502,1.124,77.4,1.5,0,8
3.136,0.918,6.664,2.553,0.916,8.455,4.284,4.247,5.272,5.418,0.426,0.317,1.0,89.4,0.79,1,9
3.795,0.992,7.578,4.517,1.062,10.48,4.215,3.0,2.5,4.354,0.494,0.656,1.064,62.1,7.84,1,11
4.075,0.985,10.19,4.429,0.987,8.239,4.706,5.181,5.238,4.164,0.274,0.427,1.036,75.4,0.16,1,13
3.843,1.024,10.982,2.739,0.943,10.088,3.902,4.082,4.975,3.782,0.464,0.569,1.144,54.3,11.26,1,10
4.076,1.011,7.045,2.587,0.9,7.111,3.517,4.05,3.703,2.559,0.329,0.409,0.922,53.8,1.12,0,4
4.208,1.071,7.934,3.074,0.913,9.107,4.805,4.574,2.983,4.685,0.48,0.54,1.078,65.5,-0.13,1,9
2.721,0.902,10.201,4.483,1.099,5.111,4.975,3.318,4.568,3.181,0.458,0.308,1.038,91.5,1.12,1,10
2.77,0.941,5.0,5.083,1.115,8.983,4.28,3.536,4.803,3.591,0.362,0.329,1.115,82.8,4.31,0,10
3.786,0.91,8.067,2.0,0.9,8.184,4.474,4.516,3.897,5.071,0.523,0.414,0.927,81.8,2.53,0,7
3.659,0.909,7.516,4.637,1.028,7.95,3.213,4.789,4.003,4.451,0.491,0.588,1.105,77.1,-3.73,1,4
3.882,0.999,5.588,3.006,0.962,7.273,4.207,3.0,2.5,5.497,0.647,0.593,1.064,58.0,-6.48,0,10
3.852,1.012,7.455,3.272,0.9,9.219,6.022,3.75,4.658,3.583,0.388,0.248,1.095,62.1,10.83,1,8
3.7,0.95,9.741,4.674,1.113,11.869,4.368,5.091,3.12,3.141,0.38,0.486,0.976,69.4,7.3,0,11
3.618,0.9,5.0,3.469,0.918,8.441,5.414,4.236,4.244,4.082,0.694,0.447,0.977,82.8,7.76,1,13
3.173,0.914,9.194,2.064,0.9,6.509,4.242,4.361,3.944,3.35,0.611,0.706,0.942,71.7,-2.21,0,12
3.559,1.05,5.179,5.204,1.087,7.079,3.338,4.383,2.984,4.253,0.36,0.453,0.893,52.0,-0.9,0,9
2.827,0.9,8.161,2.631,0.91,6.718,4.097,3.166,4.726,2.797,0.553,0.628,0.94,77.5,-4.14,1,6
3.901,0.994,8.576,3.865,0.927,8.407,3.096,4.511,4.505,4.783,0.636,0.29,0.956,71.7,0.9,0,6
5.221,1.175,6.483,2.717,0.9,8.679,4.536,3.793,4.664,2.689,0.2,0.432,0.961,89.7,2.27,1,6
3.646,0.996,11.55,3.655,0.925,5.26,3.012,5.311,4.396,3.915,0.638,0.364,1.011,75.8,6.62,1,10
5.951,1.184,8.692,4.087,0.974,9.603,4.969,4.822,4.02,3.589,0.465,0.549,0.93,64.7,10.88,0,9
3.737,1.025,6.489,5.404,1.18,7.5,4.192,4.473,3.366,3.651,0.289,0.438,1.034,75.2,5.79,0,5
2.657,0.9,7.811,4.019,1.016,8.713,6.014,4.754,4.794,3.808,0.553,0.671,1.045,63.9,8.1,1,11
4.538,1.066,7.218,2.971,0.9,10.744,5.998,4.686,5.259,3.59,0.478,0.752,0.948,66.7,8.19,1,12
4.785,1.097,7.7,2.866,0.9,7.011,3.866,5.235,5.921,3.385,0.319,0.377,0.931,71.6,6.32,1,7
5.023,1.063,10.765,2.483,0.9,7.484,3.787,4.991,2.548,2.5,0.406,0.562,0.964,76.7,3.93,0,7
4.707,1.071,10.133,3.207,0.929,6.591,5.23,5.138,4.73,4.495,0.746,0.499,0.93,82.0,6.55,1,14
4.113,1.013,9.755,2.0,0.9,8.927,4.352,5.909,4.204,4.467,0.234,0.425,1.013,60.8,-3.19,0,7
6.5,1.23,6.621,2.704,0.907,8.939,4.96,4.767,4.179,4.42,0.522,0.36,0.998,84.8,-6.07,1,9
4.1,1.018,9.364,4.268,1.078,10.07,4.216,3.547,4.924,6.0,0.506,0.711,1.023,61.6,-4.55,0,14
5.043,1.079,5.0,3.877,0.933,8.147,4.323,4.736,4.417,3.651,0.537,0.56,1.037,56.8,2.03,1,16
3.969,0.954,6.842,2.044,0.9,8.679,4.566,5.288,3.494,2.5,0.266,0.582,1.127,77.4,-12.25,0,10
3.223,0.9,8.704,4.264,1.046,6.506,3.989,4.371,4.292,3.829,0.379,0.566,1.015,83.0,-0.02,1,13
3.17,0.933,6.848,4.338,1.001,6.974,5.187,5.057,3.162,3.853,0.638,0.362,1.007,92.8,-9.04,0,7
2.0,0.9,7.358,2.845,0.931,8.872,4.186,4.287,2.936,4.649,0.436,0.513,1.082,62.0,3.01,0,8
2.648,0.927,7.592,5.6,1.14,12.743,5.159,3.807,3.212,4.819,0.512,0.249,1.182,84.6,9.02,1,12
3.157,0.9,7.289,2.0,0.9,8.415,3.773,3.995,2.79,4.267,0.619,0.556,1.197,81.1,-0.21,1,8
6.365,1.165,7.759,4.704,1.041,10.331,3.0,4.973,3.081,3.228,0.77,0.636,0.912,99.8,-1.6,0,4
2.558,0.9,10.318,5.404,1.127,6.398,5.382,4.603,3.083,4.052,0.596,0.465,0.999,62.7,0.08,1,9
2.0,0.9,11.426,3.075,0.928,10.693,3.394,5.636,2.992,5.111,0.339,0.719,1.06,67.9,-2.67,0,5
3.211,0.9,9.324,2.0,0.9,9.155,3.841,5.072,3.045,3.255,0.626,0.515,0.941,48.3,-2.42,0,11
2.0,0.9,8.241,3.291,0.9,7.67,4.261,3.72,5.669,2.93,0.513,0.619,0.997,61.2,3.71,0,8
5.423,1.049,8.825,2.365,0.9,9.097,4.844,3.449,3.455,3.91,0.739,0.467,1.033,48.6,-1.04,0,7
3.731,0.997,10.286,5.028,1.072,9.959,5.982,4.169,4.831,3.97,0.512,0.422,1.095,68.1,-3.04,0,12
4.147,0.969,7.154,5.487,1.153,9.408,4.819,3.0,3.503,4.125,0.536,0.691,1.015,92.3,1.27,1,11
4.796,1.116,6.987,3.578,0.973,8.934,4.487,5.588,3.91,5.961,0.363,0.426,1.145,80.9,0.14,0,15
4.39,1.069,9.097,2.999,0.9,6.074,4.953,5.092,3.237,4.599,0.519,0.536,1.058,69.0,0.42,0,12
3.488,0.946,5.71,3.888,1.011,8.354,3.966,3.52,4.559,3.175,0.272,0.293,0.951,80.4,5.9,1,8
2.0,0.9,8.782,3.192,0.9,5.825,3.257,4.412,2.967,3.736,0.285,0.243,1.026,73.2,-2.07,0,9
3.666,0.953,5.0,4.937,1.092,8.534,3.881,4.532,3.935,4.506,0.241,0.685,1.012,63.3,-11.36,1,11
2.535,0.926,9.356,5.795,1.161,12.184,4.063,5.692,4.95,3.255,0.2,0.582,0.953,75.8,-9.35,1,7
2.527,0.9,7.081,4.574,1.015,8.63,3.794,3.744,3.353,3.531,0.661,0.62,0.971,76.9,6.63,1,5
4.098,1.029,6.187,5.095,1.116,5.785,4.58,5.834,2.875,4.265,0.568,0.522,0.988,78.7,-7.37,0,11
3.707,0.981,5.481,4.757,1.129,8.399,4.366,3.318,5.206,4.277,0.509,0.73,1.002,57.4,6.94,1,9
4.683,1.081,7.635,4.489,1.031,7.54,4.576,5.415,2.931,3.556,0.417,0.271,1.096,65.6,-9.3,1,10
3.682,1.017,6.221,2.356,0.9,9.866,3.0,5.209,4.707,4.101,0.574,0.556,0.962,81.2,-3.76,1,3
2.178,0.9,7.963,6.456,1.222,9.705,4.564,4.781,3.745,4.094,0.4,0.2,0.936,88.5,-4.36,1,7
4.758,1.078,5.826,4.9,1.077,7.083,4.681,4.523,2.523,3.738,0.55,0.462,1.011,72.3,1.76,1,8
3.151,0.9,9.121,4.986,1.037,9.293,5.567,5.605,4.133,3.522,0.707,0.655,0.95,63.0,-3.06,1,12
4.044,1.005,5.523,3.84,1.027,7.497,3.834,4.539,4.869,5.247,0.493,0.616,1.004,77.7,-14.38,0,11
4.877,1.171,8.884,6.173,1.127,7.008,4.526,4.653,2.954,4.348,0.689,0.3,1.023,81.2,0.68,0,11
4.873,1.067,8.638,5.744,1.165,6.583,4.255,4.903,3.939,3.968,0.592,0.549,1.023,77.0,7.66,0,13
4.033,0.999,9.566,3.924,0.984,5.863,5.104,4.225,3.632,3.901,0.437,0.417,0.884,71.8,-6.2,1,6
5.611,1.165,11.538,2.91,0.9,7.13,3.0,4.515,4.971,4.838,0.479,0.774,1.02,73.0,-0.06,0,17
3.348,0.916,9.34,5.713,1.169,8.504,3.174,4.621,3.088,2.5,0.494,0.337,0.938,62.7,-0.28,0,8
5.19,1.146,10.834,4.187,1.091,8.357,3.097,4.411,3.205,3.827,0.468,0.3,0.919,83.9,-4.8,1,5
4.514,1.096,11.297,5.918,1.158,7.457,3.87,5.43,2.616,5.055,0.575,0.431,1.072,67.4,-6.38,1,9
3.723,0.981,7.717,3.917,0.998,8.854,4.559,3.415,3.306,4.318,0.414,0.39,1.1,69.2,9.68,1,11
3.861,1.022,8.567,2.047,0.9,7.567,5.157,5.581,3.14,3.097,0.429,0.402,0.987,80.3,0.28,0,9
4.602,1.036,6.661,2.593,0.9,8.7,3.801,4.56,4.267,3.688,0.678,0.522,1.005,84.3,-5.97,0,4
4.293,1.044,8.345,5.424,1.165,11.18,4.85,4.268,4.386,4.602,0.409,0.388,1.002,71.6,9.7,0,9
3.456,0.908,8.373,5.161,1.118,9.054,4.015,4.863,3.055,3.703,0.739,0.422,1.142,67.9,-10.1,1,13
2.263,0.9,10.792,5.014,1.028,7.796,4.127,5.13,4.157,5.17,0.617,0.508,1.167,88.7,-5.32,1,7
6.174,1.278,7.459,4.028,1.06,8.045,4.432,3.711,3.122,4.696,0.587,0.545,1.019,81.4,-4.16,0,11
2.862,0.9,7.184,3.623,0.956,9.838,6.107,4.375,3.635,3.913,0.249,0.657,0.85,62.1,7.35,0,10
5.979,1.222,7.232,3.741,1.022,9.047,4.597,5.168,3.455,3.403,0.455,0.348,0.882,74.8,-0.47,1,8
4.648,1.091,9.081,3.15,0.9,11.051,5.182,5.418,3.932,3.712,0.281,0.537,0.906,57.3,-1.26,1,3
3.341,1.003,9.36,2.766,0.9,5.231,5.136,4.732,3.637,3.578,0.434,0.738,1.019,82.2,-5.38,0,12
3.288,0.948,7.492,3.705,0.944,9.679,4.318,5.002,4.958,2.746,0.741,0.44,0.998,77.5,-10.41,0,3
2.852,0.9,6.923,4.103,1.01,5.659,5.755,5.256,3.774,5.197,0.785,0.571,1.063,76.6,2.59,0,16
5.505,1.157,7.931,3.157,0.934,8.049,4.654,5.941,5.073,3.549,0.503,0.274,0.976,72.9,-6.82,0,11
4.959,1.137,9.823,3.678,0.997,7.44,4.69,3.733,3.123,3.484,0.476,0.513,1.019,59.5,3.31,0,5
3.796,0.971,7.46,3.497,0.958,8.532,4.027,3.0,4.206,3.912,0.532,0.534,0.996,72.1,-9.51,0,8
5.675,1.129,8.916,3.129,1.01,9.844,4.976,5.125,3.051,4.181,0.58,0.235,1.036,66.5,3.53,1,9
2.0,0.9,9.064,4.673,1.01,8.84,4.389,4.988,4.935,3.89,0.371,0.591,1.11,78.7,-2.31,1,13
2.592,0.9,9.946,4.801,1.012,6.163,4.471,4.183,2.732,3.256,0.688,0.549,1.086,81.8,-1.8,1,7
2.971,0.928,8.526,3.213,0.934,10.252,5.252,4.109,2.995,4.068,0.59,0.32,1.062,75.3,-1.72,1,15
3.255,0.933,7.372,6.037,1.202,8.578,4.715,4.611,4.489,4.665,0.22,0.408,0.908,80.5,-4.57,0,7
3.505,0.937,9.024,4.953,1.004,5.967,4.654,4.14,4.877,3.113,0.596,0.606,0.971,66.4,-0.69,0,6
4.917,1.113,9.952,3.166,0.915,7.209,3.587,4.006,4.734,2.658,0.2,0.643,0.999,75.1,1.92,1,13
3.227,1.036,10.087,3.564,0.924,9.057,4.639,5.567,2.5,3.139,0.453,0.477,0.952,67.0,-8.19,0,13
4.967,1.126,8.256,6.36,1.225,10.776,3.365,4.547,4.814,3.395,0.471,0.595,0.944,50.0,3.94,1,11
4.851,1.032,10.274,4.778,1.112,5.534,3.411,3.97,3.179,2.842,0.392,0.208,1.031,45.0,0.1,0,11
3.285,0.988,7.104,3.963,1.0,9.651,3.486,4.375,4.424,4.855,0.602,0.555,0.987,72.2,-3.14,0,12
4.301,0.9,10.096,4.156,1.066,5.0,4.045,4.109,4.023,3.609,0.514,0.456,1.107,70.0,-1.39,1,11
3.673,0.949,9.444,5.115,1.182,10.212,5.399,4.651,3.782,4.595,0.362,0.313,1.122,84.8,-5.21,1,9
2.702,0.94,5.0,3.615,0.949,9.097,3.378,3.321,3.72,3.674,0.465,0.387,1.022,71.9,7.23,1,11
5.141,1.059,10.404,4.648,1.032,12.251,4.209,4.814,4.831,3.233,0.629,0.472,1.013,79.5,-1.33,0,17
3.275,0.976,7.344,4.895,1.015,9.429,3.794,4.649,2.5,3.002,0.488,0.316,1.056,81.9,-6.68,1,5
4.814,1.104,8.213,3.67,0.989,7.368,4.25,4.608,4.532,3.999,0.25,0.332,0.901,84.5,-11.05,0,10
3.681,0.987,7.08,5.986,1.214,9.433,4.214,4.151,3.58,4.334,0.311,0.267,0.857,69.9,-3.79,1,6
3.603,0.952,7.691,3.079,0.912,7.816,4.648,5.027,3.469,3.614,0.409,0.659,0.913,70.4,-4.43,1,6
3.281,0.952,9.746,4.061,1.05,7.593,3.871,4.129,3.991,3.286,0.364,0.625,0.993,66.0,9.18,0,10
3.909,0.991,7.735,5.789,1.17,9.333,3.798,4.754,3.467,4.903,0.618,0.684,0.87,71.8,2.14,0,7
4.886,1.093,7.823,3.559,0.964,8.823,4.004,4.919,4.296,4.161,0.57,0.714,1.073,45.0,5.56,0,10
4.46,1.131,8.611,5.466,1.128,5.358,4.925,5.567,3.25,3.176,0.673,0.719,0.875,81.0,-8.29,0,8
5.128,1.092,7.454,4.911,1.036,8.285,4.672,4.874,4.651,3.993,0.384,0.726,0.954,52.5,-7.74,1,8
3.708,0.967,7.422,2.458,0.9,11.214,4.661,3.717,3.687,4.822,0.586,0.468,1.092,74.5,4.87,0,9
4.54,0.974,9.53,3.194,0.9,6.893,3.426,3.0,2.742,4.817,0.639,0.724,0.893,67.1,8.01,1,7
5.657,1.195,8.657,2.855,0.9,10.708,3.538,5.673,5.816,4.935,0.421,0.611,1.047,63.0,2.01,1,10
2.221,0.9,9.016,4.471,1.063,6.737,4.149,5.232,2.826,4.764,0.246,0.8,1.119,77.2,-3.79,1,15
6.5,1.241,11.936,5.76,1.15,8.621,4.394,4.329,3.928,4.112,0.285,0.543,0.953,85.3,3.01,0,9
3.87,1.049,11.222,4.497,1.048,9.054,5.677,4.157,2.666,4.551,0.536,0.587,1.043,82.0,2.84,0,10
4.821,1.1,9.643,3.178,1.004,9.224,4.092,4.935,3.779,3.425,0.669,0.39,0.969,71.6,7.92,0,11
2.0,0.9,6.583,4.074,0.948,7.476,3.976,5.248,4.688,2.5,0.583,0.345,1.065,60.2,-5.44,0,5
4.778,1.036,8.485,4.448,1.018,8.607,4.633,4.149,4.387,4.98,0.577,0.529,1.104,79.1,11.42,0,13
4.679,1.012,11.954,2.0,0.9,11.417,4.031,5.048,3.344,3.041,0.538,0.475,0.927,73.2,4.46,0,6
2.656,0.918,10.051,6.239,1.221,9.599,4.668,5.034,5.092,2.92,0.2,0.8,0.85,80.2,-6.61,0,10
3.764,0.985,10.713,5.017,1.086,7.294,5.48,4.599,4.557,5.119,0.629,0.351,1.058,88.6,2.64,1,12
3.108,0.945,8.111,3.775,0.932,6.354,3.673,3.0,3.323,4.922,0.53,0.287,0.975,80.7,2.86,0,4
5.513,1.122,7.306,2.39,0.9,6.65,4.231,6.269,4.108,3.118,0.475,0.57,0.985,66.0,-4.87,1,7
4.711,1.095,9.95,3.414,0.936,7.547,5.052,4.307,3.745,3.654,0.514,0.37,0.968,85.9,0.06,0,5
3.477,0.953,9.783,4.08,0.997,6.979,3.545,5.507,2.667,5.125,0.499,0.422,1.067,59.4,2.8,0,13
5.592,1.157,9.889,3.428,0.918,8.959,3.86,5.059,4.698,3.702,0.603,0.45,0.918,69.3,0.89,0,4
4.484,1.082,6.399,3.058,0.928,5.0,4.954,3.304,4.603,2.936,0.637,0.329,0.932,65.4,10.13,0,9
4.341,1.085,6.408,5.651,1.121,8.034,3.927,4.975,4.204,2.5,0.472,0.362,1.001,80.2,10.12,1,11
2.847,0.918,8.446,4.802,1.068,5.671,5.198,4.989,3.062,3.151,0.52,0.473,1.049,45.0,0.28,1,10
4.069,1.045,8.004,4.38,0.94,5.0,4.764,4.188,3.683,4.569,0.552,0.565,0.975,66.7,0.8,0,12
5.029,1.06,9.353,4.743,1.063,10.022,5.653,6.182,4.53,3.992,0.474,0.678,0.949,54.8,9.73,0,10
4.207,1.041,6.137,3.255,0.961,8.634,4.893,4.387,3.109,2.5,0.759,0.545,0.968,54.7,-4.2,1,6
5.04,1.019,6.613,5.62,1.089,10.562,4.118,4.179,4.622,3.212,0.386,0.686,0.872,59.1,6.47,1,10
4.191,1.011,9.17,3.623,0.946,11.525,4.613,3.027,4.328,3.535,0.64,0.398,0.979,58.9,-3.72,1,10
2.0,0.9,9.694,4.864,1.082,8.21,6.283,4.506,3.615,4.881,0.775,0.418,1.087,78.7,6.86,1,11
3.975,0.967,11.923,3.381,0.978,8.879,5.675,5.316,4.16,2.939,0.377,0.47,0.948,90.3,-2.66,1,8
2.172,0.9,10.615,3.867,0.944,7.355,3.037,4.378,4.882,3.433,0.463,0.659,0.918,74.8,5.57,0,6
3.414,0.9,8.285,2.596,0.901,12.392,4.297,5.473,3.411,5.25,0.46,0.671,1.067,66.0,-8.81,0,13
5.276,1.09,8.033,3.253,0.905,6.394,3.904,4.724,4.931,4.571,0.445,0.517,1.027,100.0,9.52,0,20
6.5,1.261,10.74,6.288,1.173,9.699,4.01,4.541,4.6,4.054,0.575,0.456,1.044,78.8,-0.14,0,15
4.007,1.044,8.863,4.04,1.022,9.829,3.431,4.902,4.352,4.54,0.334,0.434,0.917,70.8,-2.93,1,7
3.948,0.99,8.006,3.583,0.973,7.66,5.051,4.587,4.203,3.459,0.595,0.409,1.036,53.4,4.97,1,4
4.23,1.015,9.741,6.12,1.187,10.588,4.682,3.0,3.789,2.5,0.8,0.526,0.962,63.2,4.61,1,6
4.095,1.004,8.673,3.595,0.934,10.762,4.728,3.924,3.726,2.634,0.458,0.472,0.93,78.8,1.8,1,6
4.08,1.015,9.886,6.5,1.166,9.781,4.866,5.025,3.168,4.723,0.719,0.417,0.957,80.2,0.08,1,9
3.298,0.938,8.83,5.904,1.228,8.224,4.938,5.03,3.164,4.259,0.529,0.281,1.05,91.9,-0.47,0,4
2.508,0.9,8.11,4.735,1.044,9.262,4.496,3.651,4.569,4.751,0.308,0.509,1.072,68.9,-5.6,1,8
2.651,0.947,5.697,5.024,1.108,8.63,4.841,4.402,4.467,5.702,0.463,0.434,1.053,84.2,-0.46,1,9
4.461,1.042,7.818,6.5,1.195,8.683,3.614,3.944,4.787,3.729,0.616,0.226,1.163,71.2,3.49,1,5
5.214,1.191,5.0,3.714,1.049,8.926,4.037,4.799,5.17,3.286,0.648,0.314,1.099,62.7,-1.67,1,8
5.291,1.102,9.559,3.316,0.969,11.307,5.594,3.0,4.501,3.928,0.419,0.483,0.956,84.4,-11.07,1,8
2.634,0.922,10.286,2.719,0.929,7.108,5.317,4.062,3.744,4.915,0.706,0.591,1.2,96.2,7.01,0,10
3.025,0.9,8.088,4.403,0.999,9.438,4.207,4.53,3.305,4.677,0.545,0.459,1.068,59.3,-12.93,1,6
2.747,0.924,9.94,5.07,1.14,12.011,3.691,3.163,3.117,5.274,0.329,0.344,0.95,82.9,-5.83,1,7
2.283,0.9,7.806,3.467,0.903,5.282,3.846,4.407,2.684,3.574,0.534,0.463,1.067,57.9,1.7,1,9
4.298,1.002,10.659,4.094,0.984,8.455,4.608,6.14,4.493,5.405,0.265,0.299,1.063,48.6,4.27,0,9
2.098,0.9,9.528,3.988,0.996,8.438,4.789,5.217,3.907,3.958,0.51,0.207,1.01,61.7,3.96,1,13
4.226,1.008,5.907,3.972,0.983,8.052,4.846,4.609,4.244,5.013,0.235,0.37,1.041,67.1,-0.29,0,7
2.883,0.9,8.113,4.411,1.021,9.038,3.492,4.951,3.253,5.817,0.346,0.397,1.015,62.3,2.52,1,14
4.67,1.093,9.92,4.534,1.04,10.769,4.242,4.785,3.593,4.532,0.542,0.622,1.099,69.3,9.37,0,10
5.453,1.054,8.103,2.883,0.9,8.748,5.176,4.115,3.767,5.493,0.471,0.388,1.057,82.7,-6.86,0,6
2.889,0.922,7.082,2.465,0.9,8.882,4.989,4.499,3.876,3.645,0.505,0.426,1.093,77.8,4.31,1,11
4.947,1.051,8.236,3.443,0.96,7.555,5.225,5.297,4.471,3.415,0.655,0.693,0.973,81.3,-1.11,0,8
4.658,1.033,9.348,4.49,1.097,8.12,5.197,5.554,4.62,3.892,0.636,0.389,1.081,73.9,-1.07,0,11
3.263,0.915,8.772,4.465,1.02,9.821,3.97,5.429,4.93,3.274,0.51,0.665,1.082,57.2,-1.72,0,7
4.129,1.024,7.832,5.042,1.121,10.135,5.942,4.496,3.265,2.5,0.299,0.597,1.189,72.5,-2.63,1,10
4.399,0.961,6.426,4.023,0.982,7.046,5.436,4.421,3.323,3.301,0.224,0.291,0.85,59.7,1.74,0,8
5.222,1.091,7.06,4.16,1.019,9.765,6.424,4.886,2.692,5.471,0.507,0.521,1.04,74.4,4.87,1,15
4.489,1.032,12.836,6.024,1.216,7.861,3.73,5.282,3.689,2.809,0.452,0.518,0.996,83.1,4.47,0,12
4.159,1.016,5.698,6.442,1.239,7.383,4.508,4.355,3.839,4.956,0.51,0.51,1.078,81.2,-3.27,1,18
2.0,0.9,8.818,3.181,0.946,5.0,3.667,4.646,4.139,6.0,0.236,0.504,1.041,72.4,-1.03,1,15
3.036,0.9,7.127,3.331,0.96,7.012,4.744,4.728,3.435,3.789,0.782,0.448,0.914,63.3,-10.2,1,10
3.672,0.941,6.237,5.155,1.072,7.237,5.002,4.638,4.339,2.97,0.497,0.572,1.016,77.6,-1.49,0,5
3.821,0.999,8.334,5.563,1.189,8.319,4.132,5.489,2.5,3.499,0.534,0.654,0.93,55.4,8.91,1,8
2.981,0.9,9.153,4.756,1.056,7.617,4.22,4.903,3.712,5.834,0.514,0.489,0.946,46.4,5.91,0,9
2.347,0.9,7.016,5.125,1.173,6.158,4.761,3.791,4.454,4.654,0.463,0.419,1.09,60.9,1.72,1,9
3.569,0.943,8.864,3.018,0.918,8.86,3.802,5.822,3.466,3.129,0.583,0.561,0.986,51.2,3.75,0,2
4.451,1.086,10.635,3.136,0.971,8.677,3.93,4.655,2.569,2.5,0.531,0.538,0.957,69.0,-5.51,0,5
3.791,1.05,9.237,4.407,1.096,7.353,4.804,4.971,4.019,3.422,0.601,0.645,1.042,66.3,-1.89,1,10
4.246,0.986,9.074,4.102,1.021,10.189,3.343,5.642,2.5,4.291,0.519,0.705,0.872,68.2,-2.0,0,12
5.404,1.141,9.473,4.633,0.996,6.768,5.031,5.459,3.731,4.083,0.661,0.73,0.95,76.5,13.09,1,4
2.948,0.928,6.661,2.0,0.906,10.822,5.214,4.591,4.614,3.181,0.364,0.663,0.85,99.0,-9.79,0,9
4.42,1.089,10.324,4.163,1.053,6.67,5.848,4.271,4.724,5.178,0.8,0.234,0.975,82.4,-1.01,0,8
2.0,0.9,8.474,5.837,1.141,9.414,3.249,4.128,2.5,4.181,0.375,0.568,1.099,76.9,3.49,0,4
4.617,1.063,7.252,4.594,1.06,8.387,3.953,4.146,3.669,2.601,0.571,0.588,0.959,56.5,-7.75,0,6
5.757,1.174,10.172,2.341,0.9,6.602,5.757,3.387,5.38,6.0,0.585,0.455,1.085,69.6,2.61,0,9
3.408,0.965,8.932,3.043,0.906,5.916,4.076,3.0,3.932,4.285,0.344,0.475,1.009,66.5,0.16,0,13
4.709,1.052,7.3,4.016,0.924,7.479,4.306,4.244,4.879,2.5,0.694,0.678,0.899,71.9,-0.34,1,6
2.0,0.9,7.987,4.739,1.05,8.22,6.5,5.237,4.117,4.195,0.525,0.625,1.048,72.4,-8.98,1,8
4.623,1.112,10.51,3.446,0.924,7.752,4.595,5.924,3.773,3.596,0.347,0.39,1.053,75.5,-6.32,0,10
5.793,1.162,6.648,4.063,1.026,9.928,4.352,4.896,3.642,4.852,0.539,0.513,1.017,77.8,-0.2,1,10
3.48,1.007,8.401,2.548,0.9,7.951,3.267,4.662,3.81,4.093,0.515,0.41,1.014,60.4,3.05,0,7
5.015,1.121,5.873,2.768,0.913,6.997,4.251,3.979,4.068,4.828,0.532,0.54,0.958,69.5,-2.18,0,5
5.032,1.068,7.977,3.92,0.94,7.956,5.226,3.592,2.5,3.118,0.639,0.71,0.942,71.6,-5.76,1,10
3.979,1.011,8.803,2.0,0.9,9.378,4.828,3.969,4.531,3.299,0.378,0.575,1.009,92.6,3.74,0,17
6.167,1.119,7.43,4.42,0.992,7.491,3.625,4.227,4.034,2.572,0.492,0.47,0.948,75.3,3.49,0,11
4.611,1.071,8.929,3.545,0.907,10.088,4.165,4.914,3.353,2.792,0.634,0.2,0.949,58.5,5.41,1,5
4.028,0.988,8.907,4.9,1.097,12.055,3.982,5.721,4.78,4.072,0.348,0.645,1.043,62.5,-1.9,0,10
2.0,0.9,9.453,4.185,1.023,10.036,4.915,5.11,3.451,3.875,0.722,0.403,0.91,74.3,-1.78,1,8
3.201,0.9,10.502,2.049,0.9,6.791,4.302,5.56,4.482,4.808,0.604,0.276,1.108,87.1,-0.85,0,12
3.899,1.021,8.41,3.362,0.9,10.055,3.0,3.776,3.892,4.087,0.572,0.367,0.98,83.4,1.13,1,9
3.232,0.914,12.296,5.214,1.136,8.378,4.378,3.898,5.131,4.097,0.778,0.682,0.865,65.1,3.51,0,7
2.97,0.907,5.0,2.422,0.9,9.465,4.917,4.014,4.148,3.156,0.547,0.708,1.057,66.4,-6.3,1,11
4.517,0.985,8.273,2.964,0.9,6.458,3.902,5.291,5.841,4.7,0.298,0.69,1.069,66.8,11.93,0,6
5.481,1.159,9.079,4.547,1.049,9.25,5.208,4.333,3.621,3.464,0.347,0.511,0.944,82.1,-1.52,0,6
4.691,1.033,5.907,4.216,0.994,8.293,5.233,3.758,4.328,4.998,0.601,0.559,1.058,77.4,-3.83,1,6
2.241,0.9,8.572,4.689,1.052,10.815,4.894,5.003,2.5,3.879,0.47,0.453,1.072,77.2,-11.42,0,6
2.282,0.9,11.39,2.812,0.952,5.72,5.393,3.0,4.435,4.155,0.69,0.346,0.882,67.1,-3.42,0,6
5.341,1.082,9.269,4.908,1.027,8.602,5.77,4.084,4.643,4.063,0.382,0.639,1.009,86.1,5.26,1,6
4.066,0.986,8.581,3.202,0.9,8.261,4.525,3.0,4.934,3.868,0.353,0.538,0.992,84.1,0.34,1,3
2.147,0.9,5.0,5.693,1.144,10.758,5.35,5.719,4.226,4.978,0.561,0.2,0.974,59.7,-0.2,1,15
2.494,0.913,8.432,4.365,1.061,11.821,4.891,4.717,4.878,3.234,0.2,0.402,1.017,58.1,-5.58,1,9
5.03,1.102,8.399,3.297,0.9,10.313,5.361,5.979,3.867,3.474,0.624,0.692,0.99,72.2,-13.25,0,3
3.78,0.998,10.593,4.951,1.088,10.325,5.173,5.087,2.545,3.544,0.473,0.474,0.927,85.1,-9.7,0,6
5.326,1.108,10.708,4.567,1.039,7.812,5.951,4.295,4.337,3.798,0.2,0.276,1.02,80.1,0.16,0,9
4.05,1.04,11.794,5.328,1.091,5.686,4.269,3.619,3.826,3.862,0.622,0.541,1.078,71.0,-15.0,1,9
4.64,1.021,6.858,3.531,1.01,8.777,3.417,3.349,4.367,3.913,0.407,0.363,1.023,80.4,-5.08,1,6
4.83,1.03,10.116,4.5,1.043,11.629,4.912,4.423,4.956,4.694,0.446,0.621,0.913,62.2,-12.51,1,10
3.579,0.96,11.317,5.71,1.203,5.563,4.798,4.68,4.128,4.864,0.382,0.518,0.991,45.0,7.77,1,13
2.848,0.9,8.75,4.46,1.05,5.453,4.379,5.107,3.216,2.622,0.525,0.727,1.07,99.3,10.28,0,9
3.993,1.022,6.616,5.7,1.181,9.155,6.424,5.106,3.754,5.306,0.453,0.643,0.954,52.4,-13.01,1,8
3.128,0.9,5.326,2.0,0.9,8.859,4.401,3.988,3.993,4.827,0.621,0.533,0.955,89.9,-12.54,1,8
3.426,0.9,5.0,3.195,0.934,9.904,5.448,5.386,4.494,3.629,0.303,0.4,0.937,72.2,-10.18,0,4
2.277,0.9,8.243,6.5,1.237,6.491,3.708,3.324,2.695,3.529,0.583,0.627,1.071,52.2,3.93,1,13
2.736,0.9,6.538,3.946,0.965,8.023,6.5,5.239,2.841,3.616,0.49,0.582,0.956,56.7,-2.76,1,11
3.301,0.964,5.0,3.934,1.0,10.082,4.621,4.7,4.463,4.71,0.2,0.599,0.85,82.0,13.61,1,5
4.046,1.048,8.712,5.377,1.177,7.59,5.114,4.905,3.917,4.545,0.456,0.8,1.039,67.1,5.7,0,13
5.026,1.161,7.699,2.567,0.9,7.095,5.371,4.766,3.402,4.218,0.607,0.416,1.055,72.0,-3.01,1,10
3.8,0.9,6.408,4.04,0.997,5.187,4.762,4.699,3.98,2.699,0.271,0.544,0.916,69.0,-6.16,0,8
2.673,0.9,11.886,2.818,0.9,8.876,3.433,3.0,3.505,4.644,0.407,0.561,1.022,45.4,8.01,0,8
2.677,0.9,8.064,4.392,1.043,9.33,4.314,4.037,2.957,4.138,0.462,0.69,0.959,76.6,-1.65,1,9
3.802,1.05,9.791,4.115,1.025,10.527,4.184,5.207,3.809,4.084,0.475,0.292,1.059,74.6,4.09,0,10
4.465,0.972,11.426,4.458,1.011,8.745,4.665,5.533,5.449,5.459,0.488,0.446,1.006,81.7,5.37,1,10
2.006,0.9,9.598,2.15,0.9,7.5,4.839,4.905,3.073,4.514,0.366,0.356,1.01,45.2,-6.88,0,6
3.899,0.98,10.61,4.226,0.983,11.579,4.03,4.761,3.874,3.398,0.631,0.506,0.964,87.7,-4.04,0,3
4.419,1.089,8.413,6.106,1.203,9.423,4.27,5.18,4.158,4.594,0.518,0.642,1.083,86.1,-3.79,0,12
3.23,0.94,12.479,3.285,0.954,7.348,4.732,3.969,2.846,3.814,0.506,0.547,0.85,87.0,0.2,1,10
3.395,0.951,8.338,5.279,1.039,6.743,3.933,3.0,4.746,3.441,0.547,0.46,0.908,77.1,-2.27,0,9
4.247,1.012,7.968,2.0,0.9,7.252,5.421,3.666,3.572,4.74,0.255,0.693,0.998,76.5,0.46,1,8
2.85,0.9,8.275,3.013,0.9,8.821,5.148,5.846,6.0,4.776,0.644,0.433,1.138,71.5,3.69,1,13
3.795,1.007,5.299,5.394,1.131,10.982,4.357,4.854,4.768,3.689,0.397,0.369,1.152,62.1,-0.79,0,8
3.964,0.936,8.769,2.773,0.9,8.27,4.836,3.927,4.995,2.768,0.519,0.301,0.859,82.4,-6.63,1,7
4.797,1.022,7.153,4.232,1.059,6.96,4.731,4.67,4.86,4.99,0.46,0.563,1.043,74.9,-8.49,1,11
4.029,0.954,7.882,4.136,1.048,9.157,5.141,4.816,4.318,3.834,0.476,0.363,0.85,87.9,-2.89,0,13
4.278,1.038,8.832,4.17,1.006,9.428,4.795,5.747,3.499,3.899,0.467,0.8,1.2,81.7,-4.67,0,11
2.776,0.9,8.439,2.0,0.9,8.782,4.968,4.767,3.184,4.093,0.489,0.546,1.013,81.1,-6.21,1,11
3.316,0.958,12.654,3.134,0.92,7.161,4.632,3.0,3.648,2.5,0.493,0.365,0.872,78.2,-6.75,1,3
4.909,1.074,7.601,3.875,1.009,8.576,4.926,3.716,4.497,5.054,0.587,0.276,1.118,75.0,4.32,1,8
5.506,1.064,6.392,3.238,1.004,8.507,4.643,3.598,4.345,5.172,0.371,0.534,1.135,67.6,-6.82,0,11
5.294,1.125,12.58,4.486,1.025,11.71,4.132,5.184,3.475,4.887,0.523,0.734,0.999,75.3,-4.79,0,8
4.571,1.067,8.595,4.336,1.051,10.37,5.324,3.139,3.61,3.851,0.553,0.633,1.012,48.7,8.11,1,10
4.45,0.973,6.071,5.12,1.097,7.882,3.785,4.946,6.0,5.343,0.478,0.755,0.956,78.3,-1.81,0,12
2.437,0.9,10.041,2.787,0.9,9.131,4.545,6.22,5.925,5.139,0.734,0.447,1.073,45.0,8.92,1,10
3.436,0.921,10.181,3.224,0.933,8.194,4.084,3.567,5.507,4.983,0.56,0.451,0.972,73.5,-1.07,1,7
5.124,1.125,9.738,4.644,1.011,5.994,5.198,3.747,2.856,4.067,0.369,0.467,0.964,74.0,-5.37,0,9
3.399,0.95,9.954,3.03,0.903,9.668,4.253,4.107,3.743,3.087,0.476,0.465,0.956,76.9,1.09,0,7
5.297,1.16,9.62,3.036,0.924,9.005,4.632,4.445,4.587,2.584,0.386,0.448,1.027,72.6,-11.29,1,8
3.766,0.992,11.623,3.818,0.959,8.081,4.703,4.374,4.622,3.769,0.483,0.522,0.995,77.6,5.45,1,7
2.322,0.9,6.228,5.053,1.067,7.443,4.529,4.232,4.992,3.333,0.62,0.54,1.025,56.0,-6.36,1,12
5.729,1.136,6.412,6.496,1.11,8.677,3.556,3.397,3.162,2.526,0.361,0.558,1.165,61.7,6.13,1,9
3.289,0.976,9.578,3.289,0.994,9.267,3.833,3.68,4.242,3.217,0.641,0.715,1.005,56.9,-0.78,1,11
3.68,0.953,9.902,2.487,0.9,10.814,4.573,5.993,4.387,4.737,0.208,0.48,0.953,72.7,-2.52,0,8
3.592,1.006,5.123,4.499,1.013,5.748,4.2,4.315,3.893,4.665,0.428,0.227,0.924,75.9,1.34,1,2
2.0,0.9,7.582,4.723,1.078,8.342,5.928,5.147,4.405,3.317,0.8,0.608,0.958,72.8,7.74,0,8
3.854,1.015,5.414,3.712,1.017,7.795,4.553,4.509,3.176,2.5,0.369,0.696,0.964,55.4,-2.73,0,8
6.275,1.184,8.758,4.025,1.031,10.856,4.553,3.154,4.301,4.151,0.412,0.785,1.065,81.8,-4.19,1,14
4.77,1.05,7.388,5.849,1.096,8.383,5.214,3.0,3.789,4.362,0.376,0.672,0.994,79.2,-2.39,0,6
5.324,1.057,7.368,3.864,0.966,10.161,4.34,4.997,4.584,3.617,0.575,0.404,1.002,68.1,2.07,1,6
3.241,0.978,7.74,4.761,1.028,7.081,4.139,4.653,4.458,4.512,0.2,0.253,0.985,91.9,-2.96,0,11
4.071,1.005,8.087,2.146,0.9,7.803,3.943,3.322,4.334,4.961,0.474,0.613,1.112,65.0,-1.62,0,5
3.505,0.96,11.554,4.439,0.973,9.071,4.026,3.607,3.066,4.084,0.463,0.544,1.07,48.0,-8.09,1,2
3.145,0.946,10.066,3.769,0.983,12.147,4.192,5.55,4.609,4.716,0.5,0.8,1.068,94.0,15.0,1,12
4.768,1.07,7.657,4.056,1.055,6.632,4.098,4.228,3.532,4.357,0.501,0.229,1.014,89.6,6.71,1,11
2.896,0.911,9.427,4.937,1.103,7.62,5.129,4.504,3.795,4.208,0.8,0.674,1.078,66.2,0.52,1,9
3.895,1.037,8.394,4.537,1.096,6.602,4.648,3.625,4.055,3.706,0.375,0.414,1.033,67.5,-4.11,0,9
4.462,1.077,8.185,3.743,1.011,9.243,4.359,5.415,4.095,4.859,0.457,0.487,1.066,72.4,-0.56,0,13
3.887,0.974,7.819,3.851,1.003,10.373,5.102,4.745,4.822,3.028,0.402,0.338,0.993,73.5,-4.14,1,8
3.737,1.009,6.938,5.177,1.071,9.307,3.793,4.884,3.724,4.061,0.505,0.586,1.013,77.6,9.05,1,10
4.853,1.12,5.0,4.376,0.97,9.556,3.965,4.418,4.51,5.35,0.37,0.657,1.055,70.8,2.3,0,7
6.5,1.205,8.428,4.068,1.016,5.879,5.033,3.951,2.552,3.465,0.438,0.78,1.037,90.7,6.1,1,7
2.146,0.9,6.326,5.308,1.085,10.613,5.868,4.234,4.482,4.087,0.463,0.665,0.852,80.7,-7.46,1,8
3.104,0.929,8.3,3.482,0.967,7.622,3.33,6.016,3.926,2.533,0.305,0.407,0.977,74.7,4.95,0,12
3.394,0.954,7.247,5.804,1.189,9.554,3.84,4.574,5.327,4.4,0.414,0.547,1.025,75.3,2.53,1,12
2.484,0.9,7.737,4.102,1.058,5.296,4.389,4.864,2.812,5.398,0.696,0.619,0.997,74.0,0.44,0,9
4.086,0.946,8.798,2.033,0.9,9.199,4.73,3.957,3.541,5.747,0.433,0.748,0.85,87.9,-5.73,0,3
4.343,1.031,8.438,3.68,0.909,8.54,3.69,4.482,4.192,3.755,0.695,0.8,0.982,74.6,10.34,0,8
4.475,1.084,8.564,4.258,1.018,11.499,4.363,4.306,3.683,4.685,0.212,0.592,0.883,76.2,6.27,1,15
5.956,1.106,9.536,4.865,1.064,7.386,3.209,3.971,4.166,4.095,0.615,0.402,1.031,90.2,1.83,0,6
4.031,0.977,8.071,4.042,0.993,8.687,3.582,4.467,2.926,4.166,0.463,0.43,0.947,55.1,-0.41,1,8
6.5,1.204,10.49,3.113,0.977,9.876,4.823,4.679,2.5,3.367,0.684,0.605,0.962,81.4,-0.18,1,16
4.084,1.035,7.448,3.18,0.917,7.294,5.05,3.393,2.659,3.362,0.601,0.462,1.02,54.7,-5.89,1,8
5.204,1.036,7.426,3.321,0.91,5.858,5.549,3.586,3.25,4.626,0.376,0.543,0.995,84.3,1.02,1,10
6.5,1.211,6.003,2.991,0.935,6.971,4.287,4.567,5.045,6.0,0.547,0.632,0.986,77.6,-0.91,0,10
5.582,1.112,7.225,2.984,0.906,8.792,5.043,4.497,2.612,3.162,0.418,0.552,1.0,68.2,-9.29,0,9
4.682,1.051,8.058,3.253,0.982,7.444,3.589,4.538,5.118,4.615,0.447,0.421,0.963,82.5,6.48,0,10
4.216,1.0,9.367,4.539,1.047,8.908,3.912,5.478,3.342,4.92,0.509,0.778,0.95,72.0,10.87,1,8
4.897,1.19,10.998,4.826,1.049,6.829,5.992,3.812,4.404,3.935,0.516,0.344,0.996,63.2,8.51,0,14
4.643,1.007,8.404,2.0,0.9,8.23,4.074,4.607,3.056,4.896,0.476,0.364,1.151,71.7,-7.52,1,9
3.471,0.966,11.945,3.834,0.995,7.648,6.5,6.401,4.226,4.673,0.473,0.345,1.091,66.6,1.39,0,14
4.698,1.054,6.828,4.928,1.024,9.66,3.353,4.251,4.273,5.334,0.619,0.42,0.85,93.5,0.08,0,5
5.014,1.052,10.639,3.908,1.051,9.739,4.1,4.487,3.946,3.705,0.423,0.439,1.007,63.8,-7.53,1,14
3.325,1.004,10.654,5.066,1.033,10.09,3.952,5.387,3.457,3.932,0.359,0.503,1.115,74.9,-7.5,1,6
4.775,1.168,6.441,2.0,0.9,8.977,3.456,3.808,3.635,4.082,0.584,0.52,1.185,60.3,-2.15,1,10
3.88,0.993,11.116,2.0,0.9,11.453,5.183,4.055,4.664,3.353,0.522,0.479,0.987,90.9,6.6,0,9
3.286,0.952,7.504,2.684,0.943,7.813,4.191,5.154,5.876,4.056,0.546,0.577,0.921,67.5,2.8,0,14
3.623,1.013,9.068,4.021,0.971,7.736,5.081,4.58,4.864,4.538,0.427,0.576,0.93,86.3,-3.92,1,11
4.604,0.965,6.25,4.834,1.116,10.029,4.918,4.954,3.676,4.037,0.61,0.477,0.959,78.8,-2.36,1,8
5.509,1.198,7.793,5.057,1.096,10.138,4.333,4.757,4.24,4.658,0.767,0.621,1.005,78.9,2.04,0,11
3.734,0.996,8.38,5.081,1.063,6.541,5.875,5.222,5.724,3.571,0.325,0.428,0.948,89.6,-2.44,1,6
3.678,0.97,9.794,4.649,1.071,5.579,4.774,3.803,3.324,3.499,0.703,0.444,1.032,46.1,4.53,1,5
3.497,0.938,8.401,2.013,0.9,8.249,4.663,5.763,2.5,3.707,0.462,0.603,1.09,90.1,1.87,0,2
2.43,0.9,7.094,4.619,1.012,11.487,5.074,3.0,3.449,4.16,0.371,0.389,0.943,83.3,3.4,1,9
3.058,0.9,11.155,2.556,0.9,8.398,3.889,4.326,3.331,3.361,0.606,0.418,0.935,60.4,3.44,0,1
2.958,0.9,7.909,5.157,1.112,7.458,5.067,4.216,3.56,3.989,0.433,0.707,1.037,63.6,-0.45,1,6
3.865,1.017,8.021,2.729,0.9,8.724,4.647,4.253,4.298,2.592,0.58,0.544,0.985,63.0,0.25,0,6
5.028,1.142,6.503,4.794,1.123,8.809,4.584,3.675,2.971,3.903,0.534,0.536,1.004,63.5,9.65,0,8
2.737,0.9,8.889,2.0,0.9,8.343,5.474,3.788,3.789,4.987,0.611,0.65,1.084,69.8,-2.15,1,10
4.552,1.031,10.159,4.802,1.094,6.808,5.722,4.635,3.508,3.206,0.606,0.591,0.995,86.1,3.56,0,10
5.051,1.069,9.557,4.874,1.135,7.948,5.434,4.803,4.078,4.191,0.627,0.725,1.045,64.4,-8.72,0,16
4.432,1.034,8.02,4.741,1.093,5.68,3.893,4.637,3.762,2.82,0.617,0.625,1.002,84.5,2.29,1,7
3.345,0.904,10.322,2.764,0.9,9.704,4.043,5.305,3.346,3.968,0.543,0.373,1.023,60.0,1.38,0,4
3.256,0.922,9.205,4.53,1.018,10.359,4.347,4.588,3.667,5.679,0.651,0.488,1.055,65.3,3.78,1,11
2.827,0.9,9.882,3.312,0.901,7.29,3.426,4.324,3.844,3.838,0.661,0.452,0.955,68.0,3.85,0,9
2.0,0.9,7.143,2.953,0.9,9.121,5.014,3.954,5.307,4.494,0.798,0.584,0.994,81.1,2.16,1,7
3.229,0.986,9.913,3.422,0.985,9.155,3.924,4.021,4.087,3.002,0.357,0.606,1.11,56.6,-2.31,1,10
6.5,1.282,7.288,3.603,1.012,8.783,3.598,5.752,3.504,3.719,0.337,0.659,0.904,67.2,0.02,0,9
4.156,1.03,7.9,4.245,1.032,6.49,4.253,4.557,5.169,4.302,0.437,0.457,0.946,60.0,-6.55,0,7
5.35,1.212,7.862,4.736,1.089,7.362,3.0,3.509,2.774,3.876,0.747,0.563,0.955,58.7,0.41,0,10
3.373,0.94,8.981,4.299,1.074,9.521,5.13,6.18,5.265,3.292,0.555,0.615,0.977,95.0,5.53,0,14
4.873,1.137,8.74,3.714,1.04,10.545,4.529,4.652,4.562,4.176,0.2,0.634,0.972,76.1,-4.91,0,8
3.986,1.055,8.767,3.659,0.992,9.523,4.145,3.957,4.1,4.432,0.498,0.686,0.948,80.5,-0.77,1,10
3.948,1.037,6.073,2.939,0.9,7.304,4.272,4.346,3.652,3.581,0.523,0.471,0.85,56.8,1.46,0,9
3.686,0.957,9.515,3.227,0.92,5.4,3.618,6.448,4.692,4.213,0.508,0.28,1.032,47.4,3.47,1,7
3.178,0.926,8.793,4.579,1.03,8.371,4.14,3.27,3.33,3.583,0.59,0.411,0.925,87.5,-4.27,1,6
6.274,1.276,9.151,3.734,0.945,7.14,5.205,6.211,4.399,3.797,0.668,0.388,0.85,86.3,-5.04,0,10
6.378,1.202,7.359,2.0,0.9,7.551,4.142,6.14,4.591,4.248,0.511,0.575,0.954,61.5,3.19,0,11
4.873,1.049,9.384,3.008,0.956,9.159,4.162,4.075,5.256,4.126,0.362,0.508,1.011,62.6,-7.65,0,6
3.444,0.949,9.031,3.48,0.973,10.395,4.646,5.087,3.94,4.199,0.422,0.517,1.035,74.8,-7.14,1,5
4.201,1.081,7.177,3.338,1.008,9.095,5.092,5.324,3.152,3.159,0.519,0.521,0.982,58.2,2.02,1,10
4.087,1.03,8.17,3.588,0.961,9.084,3.201,4.69,4.173,3.999,0.432,0.619,0.953,100.0,-3.74,0,7
3.317,0.93,10.35,3.367,0.962,6.746,4.668,5.522,3.557,4.206,0.551,0.555,0.86,63.4,1.48,0,13
5.116,1.093,10.868,3.825,0.939,8.8,5.016,4.033,5.187,4.402,0.534,0.552,1.005,56.5,-7.35,0,10
6.5,1.2,10.572,5.272,1.137,10.676,3.119,4.429,4.562,4.675,0.503,0.339,0.977,58.7,-0.36,0,9
4.487,1.101,8.691,6.5,1.262,8.865,3.635,4.742,3.793,4.067,0.259,0.399,1.04,100.0,6.45,1,10
3.853,1.077,8.418,3.235,0.918,8.156,4.082,3.757,5.102,3.523,0.537,0.546,1.021,75.9,-10.25,0,8
3.947,1.026,9.524,4.595,1.052,9.97,3.72,3.788,3.674,2.764,0.644,0.453,1.106,95.5,-7.39,1,13
2.197,0.9,8.913,4.606,1.011,6.987,4.227,4.377,4.719,4.59,0.543,0.493,1.023,76.2,0.06,0,9
2.0,0.9,8.583,2.283,0.9,8.354,3.21,4.859,4.565,3.686,0.407,0.521,0.895,75.4,-4.34,0,5
2.572,0.9,9.982,3.912,1.015,6.544,5.357,3.975,3.675,3.931,0.7,0.423,0.989,72.4,5.75,0,8
5.567,1.129,11.399,3.14,0.919,8.172,3.667,4.308,4.988,4.413,0.681,0.395,0.993,63.5,-1.09,0,5
3.656,0.988,9.604,3.942,1.011,10.738,5.361,3.876,3.758,2.954,0.493,0.8,0.85,76.8,-9.43,1,8
3.444,0.907,9.163,4.972,1.107,10.827,3.331,4.453,5.122,4.159,0.772,0.38,1.045,61.9,-9.8,1,8
3.998,1.049,8.398,3.376,0.973,9.143,5.267,5.079,4.19,4.242,0.704,0.406,0.926,57.8,14.18,0,12
3.182,0.903,10.837,4.247,1.044,6.545,5.31,4.42,4.853,4.207,0.685,0.651,0.85,82.7,6.2,1,10
3.847,1.074,7.815,2.933,0.9,11.135,4.292,4.08,5.075,4.477,0.473,0.528,0.966,71.8,-0.39,1,5
2.141,0.9,9.675,6.215,1.19,6.614,5.479,4.066,2.954,4.53,0.266,0.423,0.945,86.3,-2.29,1,12
2.143,0.9,6.069,4.273,1.005,11.669,5.287,3.667,4.88,3.543,0.595,0.489,1.04,58.4,-0.4,0,7
4.982,1.066,7.371,3.489,0.955,7.615,3.948,4.28,3.457,3.51,0.652,0.397,1.151,62.5,3.97,1,6
4.685,1.021,8.694,3.005,0.9,7.0,3.0,5.079,2.866,4.08,0.547,0.235,0.883,63.8,-6.87,0,14
5.509,1.142,7.891,3.5,0.944,8.296,5.295,3.0,3.878,4.864,0.571,0.667,1.083,46.5,1.35,0,10
2.84,0.9,6.957,2.637,0.9,8.63,3.832,4.949,6.0,3.954,0.392,0.464,1.025,72.7,-1.1,0,3
2.994,0.9,9.16,3.669,0.977,7.487,6.158,5.347,3.042,3.656,0.547,0.298,1.127,94.6,9.91,1,11
3.292,0.926,6.731,3.308,0.938,5.826,5.063,4.417,2.876,5.116,0.353,0.262,0.966,59.5,15.0,1,7
4.895,1.078,8.105,2.666,0.951,7.269,4.915,3.729,3.741,5.067,0.484,0.562,0.911,70.8,-0.61,1,5
4.004,0.973,6.423,2.691,0.905,8.391,3.594,4.154,3.96,4.865,0.396,0.56,1.056,64.3,-7.6,0,4
2.359,0.9,9.684,3.232,0.9,9.494,3.842,3.904,2.703,2.5,0.552,0.2,1.146,65.8,0.65,0,7
6.075,1.218,10.143,3.103,0.952,7.768,5.421,4.3,4.155,3.563,0.457,0.649,0.992,59.5,-5.86,0,2
2.842,0.9,9.294,2.032,0.9,8.757,5.381,4.767,2.753,3.874,0.533,0.55,1.004,67.1,2.76,0,16
2.9,0.9,11.469,5.626,1.128,8.198,4.393,3.752,4.429,2.5,0.582,0.58,0.975,67.8,1.2,1,10
4.752,1.082,6.594,3.946,1.013,7.922,4.382,5.557,6.0,3.942,0.434,0.418,1.083,54.4,8.07,0,10
5.575,1.112,9.856,5.946,1.27,6.39,4.813,3.207,3.686,2.557,0.357,0.539,1.069,72.7,9.26,1,8
2.0,0.9,10.889,5.271,1.119,5.183,3.147,4.36,5.226,4.202,0.394,0.554,1.086,65.8,-0.53,0,15
2.0,0.9,10.466,2.0,0.9,7.765,5.046,4.908,4.418,4.281,0.288,0.8,1.047,67.2,1.43,0,12
2.649,0.9,10.344,4.072,0.968,9.29,4.625,3.687,4.082,3.977,0.463,0.384,1.027,73.6,5.3,1,8
3.316,0.905,7.086,4.445,1.08,8.272,3.049,5.056,4.916,5.364,0.614,0.443,0.938,83.3,-3.42,1,5
3.266,0.957,5.0,5.824,1.204,7.123,5.429,4.729,4.091,2.873,0.605,0.566,0.987,88.7,-2.54,0,5
4.546,1.08,8.865,5.795,1.222,8.302,4.601,3.947,5.078,5.235,0.485,0.796,1.089,74.8,1.81,0,9
3.481,0.985,6.259,4.939,1.142,9.82,4.282,5.021,4.505,4.865,0.2,0.505,0.94,72.4,-2.73,0,14
3.518,0.959,9.438,2.725,0.9,7.941,5.223,5.195,4.081,2.5,0.51,0.232,1.014,64.8,-0.96,1,8
4.173,1.037,6.443,4.882,1.064,8.994,4.132,5.503,3.17,4.215,0.654,0.504,0.85,58.7,-0.25,1,7
3.164,0.9,9.027,3.524,0.942,7.562,5.255,6.198,4.483,3.777,0.2,0.495,1.033,64.4,-10.8,1,14
4.866,1.103,6.779,3.704,0.9,12.296,4.602,4.817,4.128,5.343,0.327,0.441,0.957,65.1,-1.35,1,8
3.559,0.9,6.326,4.111,1.008,8.149,5.136,4.589,3.412,3.031,0.367,0.523,0.958,64.1,-4.03,0,7
3.531,0.966,9.764,6.378,1.208,8.294,4.919,5.314,5.471,3.49,0.343,0.654,0.85,66.3,12.68,1,8
2.0,0.9,5.937,3.969,0.965,10.171,4.425,3.185,5.271,6.0,0.473,0.535,1.027,83.3,2.63,1,11
3.006,0.907,10.101,4.259,1.054,9.54,5.472,3.302,2.5,5.487,0.506,0.465,0.922,68.0,0.84,1,6
4.282,1.01,6.369,3.915,0.969,7.233,5.685,4.317,2.519,4.014,0.47,0.354,1.172,69.5,1.17,1,14
2.997,0.9,5.0,2.996,0.952,8.623,5.863,3.559,4.873,2.5,0.501,0.412,0.936,73.9,7.25,0,10
4.755,1.037,10.368,2.652,0.944,8.897,3.324,4.877,4.073,4.626,0.593,0.449,1.066,74.0,-1.3,0,9
4.786,1.061,9.037,3.508,0.989,11.06,4.789,4.392,3.074,3.587,0.46,0.446,0.969,70.5,11.53,1,13
3.308,0.911,6.809,5.338,1.12,9.837,4.812,3.189,4.108,4.106,0.515,0.3,0.85,61.5,-7.5,1,6
4.07,1.032,7.707,2.876,0.921,9.879,6.324,5.64,4.38,5.01,0.481,0.445,1.052,65.4,-1.99,0,12
3.134,0.9,13.0,4.123,1.035,9.917,4.396,4.14,4.631,4.055,0.549,0.488,0.943,53.2,4.51,1,11
4.34,0.991,9.323,2.629,0.9,9.897,4.469,4.692,2.5,3.938,0.632,0.613,1.144,63.6,1.46,1,6
4.451,1.052,9.543,4.617,1.044,11.182,4.776,4.16,5.077,2.793,0.408,0.66,0.976,74.0,-2.77,0,8
2.0,0.9,7.062,3.618,1.019,7.156,4.342,4.572,3.491,4.443,0.551,0.324,1.061,69.4,-6.82,0,7
4.852,1.092,9.794,3.02,0.9,9.206,3.973,3.751,4.785,6.0,0.492,0.8,0.994,71.4,6.21,1,13
4.795,1.112,9.746,3.234,0.931,9.279,3.805,4.7,4.181,2.5,0.452,0.325,0.914,76.7,-5.75,0,10
3.51,0.962,10.288,3.64,0.975,8.974,4.287,4.521,4.812,2.941,0.255,0.278,1.179,70.1,-6.49,1,6
4.9,1.049,9.763,5.835,1.151,7.582,6.5,3.773,3.735,2.89,0.725,0.69,0.99,51.2,-8.1,1,7
3.672,0.945,9.84,3.391,0.955,10.031,4.214,5.023,3.189,4.087,0.497,0.373,0.99,72.7,10.19,0,6
3.707,0.957,8.448,3.003,0.913,5.979,4.368,3.957,3.967,3.266,0.364,0.465,1.0,62.1,4.62,1,11
2.0,0.9,7.478,3.179,0.905,10.614,4.177,4.261,2.5,2.5,0.494,0.428,1.004,67.0,5.25,0,5
3.301,0.95,7.523,5.106,1.132,8.746,5.613,4.763,4.326,3.891,0.488,0.297,1.004,97.2,-2.6,0,14
2.83,0.9,8.813,4.899,1.065,8.192,4.391,4.123,3.23,4.115,0.515,0.507,1.079,67.7,4.35,1,12
4.487,0.988,10.297,6.5,1.199,8.111,3.829,5.337,3.627,2.548,0.596,0.671,1.002,70.2,4.26,0,9
4.602,1.019,6.837,3.078,0.9,8.696,3.955,4.841,3.485,4.549,0.474,0.392,1.008,85.1,-1.93,1,11
2.0,0.9,9.027,4.5,0.988,9.637,3.239,5.244,2.801,4.131,0.559,0.4,0.901,86.1,-2.32,1,7
4.007,1.003,7.755,4.195,1.048,8.863,4.088,3.952,5.194,5.174,0.389,0.387,1.113,78.0,1.49,1,10
3.97,1.007,11.332,4.922,1.022,8.3,3.346,6.4,4.139,4.077,0.558,0.312,1.014,54.1,-1.49,1,6
4.999,1.178,8.638,3.871,0.965,5.0,5.199,4.788,3.078,5.053,0.405,0.506,1.112,65.4,-10.11,0,15
3.098,0.969,11.569,4.044,0.994,9.411,4.36,6.126,2.5,3.656,0.538,0.562,0.98,86.8,6.09,1,12
3.234,0.9,6.705,5.496,1.14,6.921,4.776,4.743,3.456,4.049,0.634,0.722,1.114,61.1,-0.81,0,9
4.905,1.073,7.722,5.582,1.083,9.528,4.434,4.469,5.347,2.5,0.395,0.353,1.036,87.7,-0.05,1,9
5.397,1.174,9.604,3.502,0.947,9.4,3.647,4.227,3.214,4.103,0.433,0.48,1.049,87.5,7.15,1,6
3.275,0.931,8.024,3.827,0.997,7.218,6.44,4.366,4.874,4.01,0.368,0.494,1.054,50.9,8.18,0,6
4.737,1.073,6.961,4.087,0.953,10.188,5.706,3.951,4.323,3.707,0.582,0.584,0.961,69.0,-2.71,1,8
3.592,0.999,10.085,2.359,0.9,7.22,3.437,4.706,3.648,5.304,0.471,0.392,0.918,65.0,-4.83,1,4
2.692,0.9,8.78,4.525,1.019,8.413,5.13,4.539,2.5,4.469,0.592,0.688,1.067,62.1,4.23,1,13
3.111,0.928,7.579,4.212,0.977,9.248,3.0,4.742,2.5,2.5,0.565,0.516,1.044,76.3,5.88,1,7
4.509,1.051,7.906,3.025,0.929,10.832,5.536,4.489,3.776,4.297,0.38,0.596,0.937,82.8,2.27,1,11
4.47,1.07,6.017,4.47,1.011,7.984,4.266,3.759,3.679,4.985,0.326,0.516,0.872,69.8,-0.51,0,6
4.483,1.038,8.484,3.843,0.975,7.761,4.259,4.75,6.0,4.17,0.426,0.642,1.072,99.4,4.33,1,10
3.496,0.974,8.769,2.0,0.9,10.136,3.585,4.712,3.026,2.867,0.552,0.642,1.002,98.5,6.04,0,5
3.34,0.9,9.677,2.815,0.986,7.123,5.529,4.558,4.916,4.462,0.625,0.438,1.065,72.1,-9.67,1,11
5.587,1.197,7.63,4.521,0.989,8.583,4.327,5.189,5.517,5.244,0.559,0.441,1.039,69.5,3.39,0,18
4.743,1.019,8.296,3.988,0.97,7.047,4.894,4.362,2.843,3.519,0.548,0.388,0.971,74.5,-7.86,1,6
3.917,0.966,9.45,4.072,0.999,7.812,4.077,3.996,4.085,4.339,0.513,0.416,0.945,58.4,-0.86,1,11
4.279,1.015,9.31,3.82,0.973,7.589,3.301,3.0,4.969,4.621,0.538,0.667,1.018,85.6,-4.47,1,14
6.122,1.262,9.133,4.662,1.017,10.416,4.072,5.064,3.891,4.537,0.59,0.601,1.066,72.1,5.35,1,8
4.33,1.034,9.037,2.0,0.9,8.013,3.997,3.834,3.572,5.373,0.548,0.8,0.946,72.1,0.95,1,6
3.324,0.9,6.988,2.85,0.9,9.244,3.699,4.222,3.173,5.809,0.363,0.702,0.85,81.3,12.6,0,10
4.106,1.052,7.919,2.676,0.9,6.876,4.797,5.447,5.488,5.229,0.604,0.559,1.025,94.4,5.72,1,11
3.503,0.977,7.575,2.924,0.934,8.809,5.12,4.517,3.457,4.636,0.388,0.725,1.139,72.6,11.64,1,10
2.0,0.9,7.186,4.378,1.032,10.32,3.87,4.8,4.627,2.791,0.728,0.418,1.173,76.0,0.02,0,9
3.718,0.995,6.163,6.5,1.134,9.712,4.195,4.35,4.585,4.273,0.595,0.41,0.921,60.0,-7.32,0,5
4.906,1.098,8.865,4.738,1.069,9.85,5.248,5.117,2.5,2.5,0.51,0.596,1.08,65.8,8.41,0,13
3.902,0.973,8.541,4.486,1.13,8.954,4.786,4.011,3.84,4.203,0.395,0.504,0.908,91.9,1.31,1,3
2.414,0.9,8.92,2.02,0.9,9.748,3.96,5.058,5.405,4.741,0.66,0.53,0.93,58.6,-6.23,0,6
3.816,0.998,11.81,2.838,0.9,7.009,4.166,5.304,3.412,5.419,0.532,0.327,1.119,68.1,-3.87,0,8
3.029,0.919,10.364,5.985,1.189,5.477,4.491,4.102,4.152,3.422,0.589,0.221,1.025,81.8,-12.72,0,12
3.78,1.01,7.643,2.409,0.905,7.032,4.803,5.028,4.535,3.071,0.562,0.618,0.893,68.1,13.36,0,9
2.68,0.9,7.78,2.202,0.9,6.733,5.355,3.891,4.957,2.5,0.358,0.512,1.039,57.0,13.48,1,8
3.553,0.905,9.088,3.701,0.97,6.883,6.028,4.527,5.199,3.21,0.648,0.774,0.939,68.4,4.85,0,13
2.0,0.9,10.519,5.578,1.188,8.601,4.329,5.062,4.497,3.566,0.612,0.737,1.2,90.7,1.27,0,12
5.055,1.126,6.614,4.141,1.044,11.099,4.68,3.393,4.522,5.378,0.728,0.468,0.896,77.5,-2.44,1,11
4.28,1.002,8.65,4.188,1.036,8.51,4.713,3.622,4.668,3.4,0.614,0.403,1.027,59.2,12.32,0,11
4.06,1.008,7.183,2.452,0.9,10.374,4.747,3.348,2.919,3.944,0.676,0.576,0.943,60.8,13.28,0,8
2.687,0.934,6.762,6.5,1.252,6.848,5.01,5.227,4.283,4.655,0.396,0.626,1.034,83.7,12.83,0,16
2.854,0.9,7.869,4.872,1.022,10.358,4.798,6.442,3.542,3.438,0.486,0.385,1.014,57.6,2.38,1,8
3.74,0.995,8.519,4.779,1.012,9.493,4.063,4.871,3.158,3.012,0.609,0.212,0.959,60.1,0.39,0,6
3.745,0.977,7.177,2.655,0.9,8.381,4.231,4.983,5.652,4.1,0.501,0.289,0.941,70.7,14.25,0,10
5.246,1.131,8.342,2.539,0.9,9.385,3.157,5.252,3.093,3.154,0.233,0.483,0.987,73.2,6.78,1,10
4.647,1.072,7.543,3.921,0.99,9.546,3.623,5.2,4.81,3.801,0.578,0.422,0.946,77.1,-1.07,0,7
5.339,1.109,7.78,4.432,1.015,8.32,5.001,3.899,5.832,2.5,0.463,0.8,0.965,98.1,4.05,0,12
5.168,1.066,9.291,2.961,0.948,7.99,5.532,3.95,3.1,4.698,0.364,0.474,1.145,89.3,-1.84,0,10
6.22,1.173,8.122,2.166,0.9,9.611,3.216,5.23,3.503,3.605,0.479,0.546,1.075,83.6,2.11,1,13
5.603,1.184,7.577,5.056,1.091,5.669,5.356,3.0,5.4,3.601,0.43,0.482,1.017,78.2,-2.06,1,9
3.085,0.948,9.839,4.654,1.075,7.464,3.504,3.728,4.753,5.054,0.504,0.455,0.979,83.2,-2.04,1,11
6.233,1.211,11.776,4.839,1.086,10.048,5.057,5.303,3.568,4.279,0.365,0.41,1.053,62.5,-8.1,0,10
5.578,1.097,9.755,2.258,0.9,9.345,4.471,5.243,5.036,3.611,0.365,0.458,1.007,71.6,0.95,0,12
3.707,1.045,9.147,4.976,1.111,8.028,5.838,4.634,4.116,3.712,0.331,0.369,0.891,99.2,0.43,0,8
3.286,1.015,8.656,3.645,1.049,8.792,5.638,3.0,3.11,4.742,0.558,0.549,0.963,67.8,0.11,1,5
3.917,1.03,9.421,2.0,0.9,8.118,3.0,4.702,2.999,4.654,0.692,0.316,0.991,50.2,-7.28,0,7
5.242,1.159,9.286,4.539,1.06,10.378,3.875,3.999,3.509,4.374,0.77,0.653,1.029,86.4,1.78,1,8
6.405,1.186,9.713,3.367,0.917,9.168,5.264,5.542,5.867,3.397,0.608,0.666,0.999,78.0,3.52,1,11
3.914,1.043,8.398,4.488,0.995,8.593,5.256,4.416,4.075,3.728,0.626,0.757,1.048,45.0,4.89,1,14
2.489,0.9,11.159,5.93,1.108,6.509,5.412,3.622,3.515,3.323,0.347,0.759,1.025,58.0,-11.79,0,7
3.667,0.97,10.109,3.869,1.028,9.723,4.171,5.615,4.223,3.184,0.353,0.512,1.046,55.7,0.34,0,8
3.935,0.947,6.601,5.505,1.09,6.321,4.74,3.863,3.7,4.115,0.466,0.754,0.957,59.2,-0.99,0,8
3.813,1.031,9.054,4.086,1.019,8.732,3.189,4.6,3.892,4.219,0.461,0.463,1.072,80.9,-0.59,0,7
5.051,1.079,7.837,3.879,1.017,10.203,5.975,4.803,4.175,3.536,0.589,0.548,1.039,69.9,-6.34,1,13
5.988,1.134,10.006,3.745,0.999,5.333,4.729,5.246,4.806,3.67,0.453,0.358,0.964,72.1,3.59,0,7
4.333,1.069,8.926,2.39,0.9,5.0,4.043,4.311,2.5,2.779,0.479,0.272,1.062,80.6,-4.7,1,15
5.679,1.213,10.006,3.968,1.03,7.776,4.776,5.298,4.86,2.669,0.649,0.596,0.972,50.5,-5.95,0,7
4.03,1.027,9.674,3.721,0.961,11.447,3.692,3.0,5.044,4.205,0.65,0.582,1.038,74.2,-4.75,0,9
5.201,1.145,7.741,4.891,1.06,11.66,4.283,4.763,2.888,4.63,0.8,0.495,1.019,74.9,-4.26,1,4
5.907,1.118,9.968,6.332,1.171,9.02,3.902,4.04,4.384,3.874,0.558,0.608,1.016,87.0,11.82,0,9
4.888,1.108,10.114,2.9,0.946,6.988,3.728,4.729,2.814,3.967,0.644,0.647,0.979,84.1,3.91,1,4
2.834,0.9,11.017,2.938,0.949,7.453,5.883,6.035,3.272,3.641,0.358,0.504,0.992,72.2,9.68,1,6
4.519,1.023,10.094,4.045,1.057,8.586,5.14,4.492,4.965,4.328,0.44,0.572,0.886,67.1,3.96,1,8
4.292,1.0,11.42,4.707,1.111,9.236,4.205,4.587,4.615,5.664,0.5,0.232,1.072,69.5,10.2,0,17
4.361,1.08,9.738,5.103,1.027,11.439,3.0,3.0,4.298,5.564,0.373,0.537,0.911,63.4,5.61,0,15
3.76,0.979,10.541,4.613,1.062,9.625,5.731,3.699,3.072,4.891,0.441,0.573,0.963,77.7,6.96,1,7
4.575,1.122,8.76,3.216,0.971,6.682,4.725,5.351,4.266,4.988,0.415,0.757,0.85,100.0,4.87,0,2
3.489,0.912,9.35,2.808,0.9,7.241,4.68,3.596,4.618,3.513,0.6,0.573,1.147,74.4,5.31,1,9
6.144,1.23,8.998,3.599,1.007,7.102,4.65,4.781,3.573,5.629,0.582,0.483,1.062,67.4,-7.65,1,5
4.933,1.094,9.137,6.5,1.29,9.984,4.902,4.912,2.5,5.865,0.708,0.449,1.055,72.4,-5.52,1,8
4.352,1.061,8.741,4.842,1.043,6.107,3.319,5.595,4.336,5.726,0.619,0.434,1.061,53.1,4.85,0,13
4.602,1.073,9.194,4.345,1.075,11.393,5.34,4.485,4.067,4.512,0.625,0.343,1.056,68.7,10.03,0,14
4.38,0.977,5.953,4.349,1.025,11.278,4.581,4.466,4.675,3.467,0.617,0.379,0.986,87.9,3.83,0,8
4.066,1.033,7.843,4.899,1.093,8.469,4.687,3.039,3.656,4.354,0.656,0.652,1.028,87.8,1.76,0,8
3.358,0.914,10.4,2.772,0.902,9.492,4.859,3.731,3.355,2.716,0.674,0.297,0.957,73.9,-4.69,1,4
3.017,0.958,8.566,3.4,0.944,6.183,4.327,4.244,3.708,3.732,0.251,0.441,1.038,69.5,10.2,0,9
3.259,0.934,7.789,3.986,1.04,9.079,4.413,4.781,3.448,3.759,0.563,0.569,1.051,45.0,-1.68,0,12
3.207,0.9,10.106,5.083,1.093,10.356,4.508,4.257,3.13,3.202,0.336,0.548,0.92,73.6,1.1,1,6
4.029,0.959,7.618,3.838,0.961,7.816,4.983,4.253,4.375,2.857,0.322,0.504,1.121,59.9,-9.59,1,5
3.17,0.926,10.29,5.396,1.084,10.347,4.442,4.263,4.079,4.159,0.362,0.552,0.986,61.8,6.35,0,7
2.722,0.921,11.236,3.915,0.95,7.247,3.214,4.7,2.5,3.27,0.606,0.273,1.018,82.0,-1.74,0,6
3.618,0.975,11.618,3.096,0.9,8.988,5.368,6.5,4.194,3.007,0.546,0.8,1.033,58.7,0.46,1,18
3.716,0.981,8.154,5.206,1.137,8.226,4.886,4.527,3.908,3.075,0.688,0.523,0.941,86.2,-4.6,0,11
4.967,0.996,6.655,5.823,1.086,10.385,4.949,4.193,3.613,2.852,0.758,0.761,0.85,62.6,-5.64,1,4
5.543,1.141,6.335,2.0,0.9,8.941,4.093,4.649,3.745,3.012,0.469,0.332,0.972,56.6,-15.0,0,9
6.5,1.242,8.91,5.446,1.119,8.956,4.907,4.013,4.256,4.779,0.36,0.793,1.07,52.4,-4.17,0,12
4.972,1.044,7.719,4.104,1.019,8.872,4.739,5.486,3.1,3.827,0.571,0.61,1.031,81.7,-2.95,0,8
3.537,1.0,7.543,5.983,1.162,10.831,4.334,4.474,3.89,3.287,0.407,0.36,1.092,79.8,11.57,0,13
2.43,0.9,8.735,6.187,1.192,11.843,4.247,4.655,3.736,3.849,0.381,0.629,0.953,62.3,0.94,1,11
4.334,0.968,9.184,5.53,1.198,6.983,4.144,4.096,3.829,2.927,0.431,0.642,0.972,78.1,1.27,1,8
4.198,1.03,6.323,4.092,1.013,7.617,5.272,4.613,4.369,4.533,0.688,0.463,1.013,66.3,-0.88,0,9
5.049,1.053,5.523,2.966,0.928,8.794,4.143,4.826,4.722,3.535,0.2,0.546,1.136,73.0,-0.33,0,13
3.771,1.013,8.687,4.821,1.068,5.248,4.574,4.616,2.5,2.58,0.6,0.519,0.994,71.8,5.71,1,13
4.023,0.969,8.245,5.408,1.127,8.164,3.644,4.933,4.33,4.1,0.575,0.524,1.087,72.9,4.23,0,7
3.561,1.005,10.604,3.34,0.965,8.778,5.537,3.768,3.501,4.476,0.492,0.537,1.009,85.4,4.54,0,7
2.0,0.9,7.305,4.341,0.995,10.122,3.778,5.129,4.1,5.236,0.514,0.588,1.051,65.4,-4.32,1,10
5.152,1.075,9.088,2.899,0.9,9.708,4.339,3.724,3.681,3.379,0.257,0.518,0.968,85.3,-2.17,0,9
6.5,1.257,7.622,5.727,1.205,9.266,4.182,4.137,4.936,4.479,0.628,0.327,0.878,73.7,2.97,0,5
4.288,0.991,9.411,3.359,0.93,8.111,3.837,3.599,3.997,4.076,0.63,0.658,0.97,84.8,-9.24,1,6
4.137,1.022,8.911,3.569,0.912,8.824,3.896,5.103,4.387,5.311,0.258,0.429,0.996,89.5,-2.0,0,5
4.05,1.034,10.516,4.386,0.972,10.312,5.481,5.053,3.954,3.538,0.578,0.491,0.914,90.4,2.03,1,9
4.105,1.037,7.637,3.903,0.976,5.273,4.819,4.469,3.567,3.915,0.713,0.474,0.924,92.5,8.05,0,9
6.437,1.213,9.615,3.627,0.94,8.965,5.195,3.931,3.835,3.796,0.673,0.425,1.011,78.0,5.46,1,16
4.885,1.108,8.944,3.891,0.951,9.371,5.71,5.287,3.92,5.286,0.601,0.469,0.907,60.7,3.19,0,5
5.239,1.147,9.684,3.385,0.976,9.084,4.906,3.0,2.874,3.549,0.561,0.647,0.923,76.6,4.83,1,6
4.736,1.042,7.336,3.141,0.902,5.803,3.721,4.359,4.608,3.823,0.431,0.8,0.914,76.3,-0.92,0,14
6.328,1.245,8.659,3.354,0.917,8.097,5.845,4.506,5.651,5.126,0.476,0.748,0.963,94.4,-15.0,0,7
2.0,0.9,10.039,3.99,0.964,8.915,4.608,5.298,5.963,4.555,0.63,0.498,0.987,82.1,-7.92,1,10
4.8,1.08,10.224,5.026,1.074,6.999,3.215,3.432,4.511,4.852,0.717,0.611,0.977,66.7,11.32,0,15
4.57,1.09,7.948,5.116,1.118,10.138,5.484,3.409,2.621,4.77,0.61,0.613,0.981,66.6,4.69,1,8
3.931,1.014,8.263,5.189,1.088,9.532,4.383,3.573,5.126,4.063,0.502,0.705,0.94,73.7,2.6,1,7
3.878,0.962,6.728,4.591,1.036,10.254,5.317,5.081,3.672,4.864,0.5,0.446,1.142,95.7,2.35,1,11
4.675,1.128,7.836,2.495,0.9,6.767,4.736,3.905,3.056,4.038,0.413,0.617,0.866,70.6,-3.82,0,12
2.956,0.961,9.244,3.94,0.973,10.05,3.746,5.006,3.496,3.889,0.649,0.2,1.066,72.3,5.9,1,7
4.356,1.063,10.067,2.425,0.9,7.548,4.162,4.524,3.919,4.466,0.569,0.575,0.939,59.8,-2.83,0,5
4.717,0.975,7.266,4.275,1.066,8.49,4.968,3.476,3.231,3.284,0.515,0.483,1.008,87.3,-5.05,1,7
4.404,1.033,8.567,3.265,0.9,7.566,3.303,5.012,3.624,3.952,0.689,0.613,1.013,75.1,-0.69,1,8
4.109,1.038,11.578,3.163,0.94,8.041,4.213,3.523,2.5,4.404,0.537,0.514,0.913,73.6,4.51,0,4
2.278,0.9,9.573,4.434,1.02,7.45,3.0,4.896,2.66,2.623,0.606,0.598,0.994,52.9,-7.43,1,5
4.652,1.072,8.097,4.685,1.131,11.271,4.537,5.714,3.627,3.179,0.8,0.441,0.894,80.3,-7.3,0,7
3.793,0.998,7.646,3.413,0.902,9.807,5.314,4.835,4.535,4.831,0.425,0.609,0.886,77.1,3.75,1,11
5.24,1.089,6.737,5.192,1.176,8.686,4.753,5.488,2.677,4.867,0.413,0.444,0.94,57.4,1.23,1,6
4.155,1.025,8.397,3.516,0.943,8.369,3.92,4.765,3.056,3.126,0.39,0.581,1.096,62.3,-1.77,1,9
2.846,0.907,6.434,3.624,1.006,7.554,5.644,5.587,6.0,3.059,0.347,0.308,0.941,58.5,2.22,0,12
4.02,0.961,12.282,2.108,0.9,6.434,5.198,3.093,4.69,4.126,0.221,0.555,0.983,81.4,-9.99,1,9
4.029,0.95,8.243,3.901,0.982,10.961,3.39,4.265,4.323,3.609,0.475,0.521,0.958,94.5,-0.35,0,7
2.568,0.9,8.152,3.068,0.9,8.728,4.113,5.514,4.847,4.637,0.352,0.765,1.042,68.3,-6.89,1,7
3.337,0.97,7.572,4.219,0.967,10.665,4.559,4.351,4.944,2.5,0.647,0.576,0.959,73.0,-3.81,1,10
2.0,0.9,5.0,3.628,0.955,9.051,4.421,4.18,4.644,5.129,0.471,0.591,0.972,66.7,-9.76,1,8
5.036,1.127,8.426,2.759,0.9,6.775,4.684,4.991,5.462,3.58,0.349,0.221,1.008,62.6,8.68,0,11
2.0,0.9,8.838,3.46,0.91,6.887,4.662,3.966,3.623,4.031,0.389,0.233,0.89,57.9,2.5,1,9
2.439,0.9,7.564,3.372,1.008,9.006,4.306,5.079,3.899,4.143,0.468,0.342,0.973,87.5,-3.28,1,9
4.459,1.058,5.367,4.479,1.074,8.607,4.624,5.494,5.881,4.243,0.493,0.229,1.044,81.7,1.42,0,9
2.446,0.9,10.323,5.338,1.092,9.123,3.723,4.42,5.205,4.319,0.294,0.592,0.955,64.2,-8.26,1,9
4.074,0.93,10.014,3.247,0.969,8.764,5.038,5.431,4.79,4.57,0.56,0.516,0.979,96.2,-2.87,0,4
5.743,1.196,9.183,4.733,1.03,5.919,3.446,4.297,2.57,3.786,0.542,0.367,0.943,100.0,-2.0,0,7
5.222,1.111,9.027,3.388,0.977,10.84,4.612,4.691,5.11,4.188,0.376,0.589,1.003,91.1,-3.56,0,11
5.601,1.104,10.016,4.613,1.033,5.585,4.377,3.0,5.054,3.821,0.327,0.702,0.997,73.6,5.48,1,6
4.669,1.009,8.014,5.301,1.148,9.904,3.923,5.219,3.477,4.761,0.614,0.527,1.024,56.9,-4.04,1,5
5.315,1.107,8.768,3.617,0.9,6.868,5.644,3.991,3.349,2.696,0.665,0.429,0.929,63.2,5.65,1,10
3.176,0.9,6.706,3.951,0.961,11.112,5.027,3.683,2.881,4.606,0.498,0.8,1.0,62.9,-1.04,1,7
4.892,1.097,8.869,3.355,0.962,5.553,4.488,4.472,6.0,5.245,0.564,0.49,1.075,59.7,6.67,1,12
3.652,0.933,8.835,2.489,0.938,7.48,5.111,5.959,4.658,2.886,0.301,0.348,0.85,78.3,-8.48,0,7
2.854,0.9,9.671,4.911,1.061,8.77,3.987,3.493,4.469,4.333,0.42,0.618,1.087,79.9,1.31,0,5
5.543,1.136,9.758,4.115,1.032,8.867,5.481,4.663,3.962,4.749,0.423,0.454,1.126,56.0,-4.26,0,18
2.901,0.916,10.548,6.043,1.186,7.525,4.475,4.652,3.653,4.516,0.56,0.479,0.977,96.8,-5.03,0,6
4.428,0.984,7.692,5.13,1.064,9.72,4.811,3.572,3.677,3.737,0.267,0.467,0.996,62.8,0.5,1,10
3.048,0.9,9.945,5.261,1.158,6.27,4.92,5.256,2.5,3.261,0.576,0.401,0.894,90.6,-4.67,0,12
3.741,1.004,11.346,5.212,1.132,9.965,4.875,5.303,3.035,3.241,0.227,0.62,0.901,93.5,-4.37,0,6
3.957,0.983,8.882,3.057,0.9,8.795,4.532,5.279,2.71,2.899,0.397,0.467,1.109,94.4,3.98,0,14
2.707,0.9,8.107,4.128,1.053,9.097,4.874,3.962,4.183,3.674,0.396,0.368,1.044,45.0,-3.12,1,7
4.844,1.117,7.516,4.318,1.011,9.117,4.424,4.131,3.191,5.28,0.466,0.388,1.027,50.7,6.0,1,8
3.624,1.038,6.629,3.706,1.0,9.593,5.414,4.664,4.254,2.646,0.246,0.546,0.85,64.7,-13.99,1,8
3.028,0.9,9.646,3.089,0.95,8.86,4.825,3.245,4.103,4.78,0.561,0.639,1.095,68.7,-4.09,1,8
4.373,0.943,5.13,4.327,1.033,7.187,3.789,4.661,4.647,4.002,0.49,0.27,1.014,85.9,3.14,0,11
3.766,0.97,7.807,5.294,1.064,9.201,4.565,4.645,4.245,3.272,0.496,0.475,1.053,64.0,-9.77,1,6
4.472,1.023,8.443,3.065,0.9,7.806,3.56,3.948,3.992,3.454,0.574,0.488,0.856,69.5,1.71,1,7
3.609,1.046,7.696,4.702,1.061,10.427,4.807,3.121,3.127,5.115,0.452,0.443,1.092,70.4,-13.15,0,7
3.723,0.973,9.051,3.985,0.998,8.972,4.73,4.306,5.13,4.027,0.445,0.587,0.969,70.1,-6.28,1,5
3.468,0.964,9.583,3.647,1.009,8.245,3.096,4.108,3.818,2.876,0.481,0.33,0.958,86.5,-3.72,0,9
4.692,1.049,7.78,3.923,0.99,6.457,4.091,4.751,3.793,5.376,0.607,0.344,0.984,69.2,-5.38,1,11
4.649,1.026,6.703,4.718,1.037,8.176,4.007,4.627,4.905,2.819,0.688,0.349,0.99,90.6,12.84,0,11
6.271,1.235,5.95,2.56,0.9,8.372,4.436,4.569,3.311,5.22,0.617,0.29,0.996,66.4,2.95,0,7
3.945,1.003,5.0,2.728,0.9,8.134,5.473,4.967,4.764,5.783,0.465,0.65,0.927,80.6,2.55,1,9
6.5,1.251,8.494,4.166,0.92,6.584,5.898,5.058,4.953,3.511,0.477,0.515,1.057,53.2,-11.16,1,15
4.177,1.02,8.352,5.399,1.212,9.141,4.309,3.543,5.103,4.052,0.549,0.568,1.072,77.7,-5.8,1,14
5.285,1.061,7.614,3.966,1.051,5.985,3.937,5.154,4.049,3.846,0.705,0.573,1.114,80.6,4.62,0,11
5.542,1.198,8.969,4.777,1.028,9.601,5.597,5.705,3.979,4.271,0.2,0.389,0.85,61.0,1.38,0,10
3.17,0.937,8.306,6.097,1.191,7.931,3.686,4.183,3.973,2.5,0.439,0.297,1.139,59.4,-7.56,1,5
2.761,0.9,10.611,4.694,1.103,11.746,3.975,4.09,3.29,3.381,0.617,0.554,0.934,71.9,-4.29,0,6
3.267,0.9,5.969,4.63,1.063,10.845,4.481,4.122,3.747,4.017,0.42,0.76,1.008,93.8,8.51,0,9
4.586,1.068,8.905,3.177,0.937,8.36,4.964,3.835,4.224,4.021,0.59,0.61,0.939,45.0,4.56,0,5
4.394,0.969,7.475,2.55,0.9,9.003,4.889,5.041,4.483,5.005,0.527,0.501,1.07,64.6,-2.0,0,15
4.004,1.005,6.373,4.842,1.006,8.881,3.575,4.105,3.859,3.218,0.619,0.428,0.902,80.3,-3.44,1,4
3.258,0.9,9.852,3.947,0.969,9.108,4.651,3.985,4.033,2.5,0.454,0.43,1.004,45.0,-3.56,1,8
4.601,1.024,9.386,2.782,0.9,9.385,4.314,5.444,3.965,3.348,0.628,0.354,1.081,74.0,-2.89,1,6
4.649,1.003,9.033,2.0,0.9,9.072,4.988,4.948,3.127,3.724,0.449,0.506,1.028,69.2,-5.2,0,6
4.758,1.079,9.727,3.306,0.964,9.273,5.016,5.841,4.096,5.083,0.638,0.56,1.008,58.7,-8.52,1,14
2.0,0.9,10.838,4.926,1.053,12.889,6.004,5.877,2.888,4.388,0.499,0.359,1.095,82.2,-7.6,1,11
2.335,0.928,7.739,5.424,1.118,8.859,5.608,4.126,4.064,2.5,0.58,0.495,0.931,93.3,6.02,1,9
3.288,0.922,6.417,4.061,1.014,8.993,4.782,4.163,4.946,2.861,0.268,0.345,0.974,71.5,-8.05,0,7
3.11,0.915,10.492,4.684,1.052,6.253,4.582,5.308,4.248,3.999,0.636,0.642,1.025,63.2,3.5,0,10
2.224,0.9,9.505,4.345,1.05,7.417,3.727,3.479,3.751,4.294,0.554,0.469,1.066,79.0,4.91,1,9
5.183,1.098,6.625,2.892,0.904,9.725,5.422,3.899,4.59,3.397,0.56,0.597,0.94,67.3,3.52,0,11
5.15,1.161,8.41,3.325,0.998,6.95,5.017,4.61,4.044,4.069,0.537,0.359,0.978,65.9,2.84,1,4
2.022,0.9,9.319,3.139,0.935,6.264,4.424,3.0,3.439,3.918,0.483,0.441,0.888,55.5,-1.09,0,7
4.257,0.941,9.262,3.54,0.989,7.96,3.828,5.861,4.33,4.037,0.35,0.8,0.938,58.4,10.23,0,11
4.958,0.995,7.221,4.071,0.957,7.017,4.161,4.736,2.656,3.982,0.645,0.741,1.061,58.6,7.3,1,11
4.518,1.046,11.825,2.583,0.9,6.15,3.38,4.275,2.995,4.927,0.581,0.501,1.029,57.2,3.09,1,7
3.658,0.995,7.918,3.055,0.903,8.337,4.021,5.168,5.446,4.84,0.564,0.421,1.064,67.2,2.86,0,9
3.592,0.992,5.573,4.51,1.046,7.361,4.036,3.63,3.864,3.468,0.559,0.41,0.995,77.3,-0.74,0,11
4.174,1.009,10.454,4.939,1.115,8.467,3.824,4.064,4.099,2.809,0.219,0.528,1.062,97.3,-0.26,1,10
3.2,0.901,8.932,4.396,0.989,11.324,3.0,4.705,3.21,3.787,0.348,0.469,0.938,69.9,14.07,0,13
4.909,1.04,7.46,3.793,0.997,10.069,4.358,4.237,3.587,6.0,0.2,0.461,1.136,74.8,9.03,0,12
5.216,1.16,9.125,4.074,1.009,8.83,3.0,4.581,3.02,4.813,0.736,0.407,1.147,89.3,-7.49,0,7
3.324,0.988,8.881,4.68,1.077,8.377,5.109,5.134,3.296,4.006,0.724,0.44,0.89,58.9,8.45,1,5
5.081,1.132,7.214,5.356,1.077,9.146,4.212,4.543,4.266,4.383,0.343,0.617,1.065,88.2,0.65,0,10
2.268,0.9,8.422,4.123,0.966,10.116,4.045,4.999,5.283,4.703,0.35,0.433,1.1,67.8,-5.5,1,9
2.918,0.971,7.68,4.041,1.014,8.291,3.898,5.61,3.386,5.766,0.536,0.477,0.991,65.3,1.2,1,14
4.742,1.104,9.22,2.665,0.9,8.966,4.089,4.203,4.511,6.0,0.633,0.253,1.1,80.7,-2.35,0,10
3.104,0.945,12.778,5.205,1.084,8.853,5.326,4.093,4.8,2.5,0.458,0.326,1.024,70.4,4.25,1,11
4.198,1.024,7.095,2.43,0.9,9.183,5.962,5.055,5.574,4.683,0.412,0.428,1.16,72.0,-1.13,1,15
2.409,0.9,6.678,3.368,0.946,7.921,4.101,5.241,3.475,4.735,0.511,0.427,1.053,67.8,4.85,1,6
4.673,1.081,7.977,3.491,0.995,10.718,4.54,4.726,3.473,3.817,0.597,0.431,0.977,79.9,-0.37,1,8
4.554,1.075,9.96,4.861,1.097,6.169,4.424,3.0,3.398,4.958,0.577,0.617,1.044,74.3,-2.28,1,7
4.895,1.141,7.784,5.44,1.148,7.387,3.878,3.43,3.501,3.948,0.782,0.463,1.117,84.4,-5.57,1,16
5.29,1.13,10.328,6.5,1.256,7.81,5.898,5.288,4.421,3.341,0.308,0.713,0.935,59.4,-7.01,1,7
3.358,0.9,9.166,3.632,1.007,10.462,3.879,4.804,3.786,4.757,0.793,0.61,1.083,58.5,3.67,0,14
3.511,0.9,7.701,4.603,1.058,8.348,5.071,3.0,4.216,5.035,0.528,0.649,1.001,70.5,0.98,1,8
2.014,0.9,11.733,3.271,0.911,8.094,4.677,5.621,4.782,3.842,0.504,0.3,0.965,59.7,0.17,1,11
5.376,1.077,9.125,5.402,1.124,10.268,4.506,4.9,4.68,4.103,0.202,0.461,0.975,76.7,-1.92,0,7
3.191,0.912,7.145,2.01,0.904,8.611,4.416,3.694,5.536,4.521,0.328,0.669,0.878,87.5,2.14,0,5
3.166,0.989,10.398,4.209,0.956,11.573,3.902,3.69,4.47,3.971,0.387,0.507,0.92,84.7,8.37,0,5
3.361,0.957,10.036,3.752,0.935,10.28,4.807,3.843,5.061,4.115,0.8,0.407,0.959,61.0,2.04,1,6
4.428,1.047,10.892,2.988,0.9,6.116,5.03,4.163,3.011,5.44,0.402,0.237,0.945,68.0,0.01,1,10
2.336,0.916,10.549,3.811,0.995,9.105,4.754,4.319,4.009,4.489,0.524,0.418,0.898,63.0,-1.87,0,6
3.772,1.012,9.099,6.5,1.203,8.089,4.414,4.015,4.357,4.683,0.303,0.334,0.952,92.4,5.02,1,8
3.727,0.983,8.192,2.297,0.9,6.211,4.213,3.926,4.375,3.536,0.66,0.532,0.902,86.0,-3.53,1,8
3.829,0.987,13.0,5.994,1.171,9.583,5.217,4.075,4.232,3.908,0.487,0.639,0.992,83.2,1.8,1,3
3.403,0.901,10.038,6.171,1.286,7.243,4.214,4.851,4.001,5.461,0.505,0.388,0.85,74.0,0.97,1,8
3.578,0.908,7.696,2.769,0.9,8.497,4.874,5.271,2.5,2.692,0.501,0.496,1.066,58.9,3.22,1,12
3.334,0.957,5.149,5.234,1.108,7.035,4.166,5.701,4.071,4.277,0.534,0.619,0.871,79.5,9.73,0,6
3.294,0.9,9.978,4.305,1.022,6.828,4.227,4.768,3.893,5.136,0.407,0.317,0.985,45.0,-3.32,0,15
4.176,0.934,9.342,3.384,0.9,7.879,5.685,4.801,4.676,3.637,0.312,0.8,0.976,52.9,-1.46,0,8
5.438,1.09,8.703,3.675,0.929,6.683,5.1,3.909,6.0,3.516,0.618,0.414,0.966,60.1,0.8,1,9
3.614,0.923,10.646,3.58,0.923,8.33,3.992,4.644,3.123,4.409,0.307,0.526,0.88,92.2,-6.91,1,5
2.788,0.906,6.92,3.274,0.928,10.022,4.537,4.1,3.299,3.398,0.482,0.661,0.977,91.1,-10.04,0,8
2.439,0.9,8.178,3.732,0.964,6.683,4.519,5.168,3.859,3.64,0.347,0.517,1.06,90.6,4.01,0,9
6.387,1.249,10.781,2.651,0.9,5.231,3.496,3.853,4.034,3.371,0.204,0.672,0.945,93.2,-2.33,0,3
3.105,0.911,10.325,3.514,0.969,9.168,4.656,6.183,4.539,3.683,0.413,0.72,0.903,65.5,-4.37,0,11
2.0,0.9,9.536,6.5,1.201,6.38,4.6,5.092,5.814,4.079,0.519,0.612,0.968,50.3,5.66,1,10
2.594,0.9,9.303,3.793,0.932,8.731,5.313,5.215,3.171,2.881,0.419,0.498,0.987,94.7,-7.69,0,8
4.158,1.017,8.684,2.0,0.9,8.102,4.822,5.817,4.137,4.475,0.309,0.59,0.999,74.3,5.7,1,5
2.436,0.9,8.493,4.662,1.031,9.844,4.17,5.303,4.513,5.341,0.547,0.436,1.046,81.5,-10.51,0,5
2.925,0.955,7.871,5.077,1.048,10.288,5.696,5.283,4.004,2.5,0.542,0.385,0.994,55.5,-3.65,0,8
4.522,1.035,7.504,4.096,1.037,7.475,4.797,4.515,4.765,4.19,0.435,0.395,0.949,62.5,-4.06,0,2
5.927,1.25,11.982,3.998,0.983,8.71,3.276,4.603,2.846,4.017,0.456,0.755,1.059,88.6,-3.77,1,13
2.98,0.985,8.754,3.207,0.924,12.241,3.528,4.15,4.485,4.118,0.715,0.498,1.192,59.1,10.37,1,7
2.174,0.9,9.143,3.457,0.912,7.958,6.064,5.332,2.5,4.114,0.449,0.583,1.062,62.8,0.2,1,12
5.328,1.137,8.71,3.409,0.93,6.95,3.344,4.58,4.008,3.747,0.549,0.66,0.945,77.6,-9.4,0,6
5.411,1.109,6.574,4.802,0.987,5.46,4.581,3.712,3.973,4.667,0.314,0.248,1.059,45.0,6.51,1,13
3.8,1.016,6.711,4.865,1.016,5.367,3.766,5.07,4.687,3.831,0.592,0.613,1.07,82.5,-1.91,0,9
4.041,0.976,9.186,4.871,1.091,8.222,4.694,4.045,3.143,3.514,0.344,0.43,0.926,73.7,-7.77,1,9
4.968,1.022,11.51,2.367,0.9,10.386,3.934,5.674,3.658,3.917,0.672,0.611,0.996,64.2,2.18,0,12
4.461,0.993,10.12,2.0,0.9,9.993,4.34,5.633,4.446,4.804,0.288,0.258,1.099,75.1,8.68,0,9
3.777,0.981,7.046,3.627,0.969,5.0,3.539,4.662,4.656,2.5,0.32,0.645,1.059,63.1,-7.47,1,4
4.85,1.07,10.112,4.605,1.118,7.803,4.438,3.222,3.327,3.498,0.384,0.2,1.069,70.5,0.98,1,10
3.067,0.957,8.281,2.794,0.932,9.037,4.733,4.48,3.703,3.682,0.457,0.41,0.922,70.5,-0.17,1,8
3.983,0.979,7.154,2.0,0.9,8.427,4.339,4.901,3.817,5.559,0.332,0.671,1.124,68.4,-8.59,0,12
3.262,0.9,9.807,5.505,1.141,8.873,4.629,3.961,2.954,2.747,0.567,0.614,0.962,91.0,8.62,1,11
6.297,1.153,8.386,4.005,1.05,8.318,5.523,5.938,3.453,4.679,0.341,0.556,1.017,81.7,11.78,1,10
4.836,1.068,7.354,3.452,0.969,7.26,4.348,3.502,3.828,4.48,0.631,0.2,1.091,62.1,-3.09,0,6
3.528,0.95,7.848,5.028,1.061,7.134,5.628,5.68,3.224,4.585,0.345,0.342,1.007,57.7,-15.0,0,10
4.872,1.073,9.984,4.649,1.041,7.075,5.244,4.652,3.881,5.025,0.335,0.2,0.967,93.3,0.91,0,10
4.112,0.922,9.134,3.411,0.981,7.426,4.298,5.981,2.645,2.5,0.39,0.642,1.074,76.1,-3.72,1,11
3.515,0.971,7.601,3.943,1.002,9.61,5.095,4.714,3.246,4.469,0.682,0.63,1.0,71.1,-0.83,0,8
4.442,1.032,8.439,4.601,1.042,7.768,5.255,3.921,4.635,4.867,0.473,0.672,0.91,47.7,-3.62,0,10
3.114,0.934,10.091,5.329,1.088,6.654,4.81,4.647,3.522,4.077,0.216,0.768,1.015,64.0,-11.0,0,5
5.126,1.031,8.316,4.409,1.104,7.59,3.981,4.925,4.788,4.021,0.543,0.554,1.022,88.3,-5.97,0,8
4.364,0.997,8.314,3.538,0.967,10.245,3.409,5.342,2.5,2.901,0.308,0.515,1.033,59.9,5.42,0,12
2.753,0.909,7.668,6.277,1.203,11.483,5.367,4.686,3.795,2.954,0.579,0.364,0.86,67.8,6.65,0,11
3.991,0.991,10.376,4.573,1.025,8.738,3.188,5.285,5.163,3.242,0.427,0.253,1.054,64.6,-7.35,1,9
6.141,1.183,7.159,4.776,1.078,7.803,4.281,4.758,4.987,4.15,0.431,0.634,1.076,96.5,-12.23,0,10
3.126,0.9,9.817,3.781,0.926,9.633,4.681,3.933,4.101,4.276,0.565,0.289,0.98,65.1,3.39,0,9
3.202,0.963,6.825,6.5,1.23,7.684,4.266,4.251,4.693,4.551,0.6,0.312,1.026,76.5,-1.06,1,6
4.672,1.082,8.53,4.126,1.007,7.803,4.184,4.19,4.67,3.034,0.333,0.507,1.061,84.4,-7.18,1,3
5.255,1.083,8.287,3.211,0.9,9.26,4.12,4.661,4.083,3.289,0.348,0.346,0.865,82.1,-8.58,0,10
4.936,1.138,10.604,3.85,1.006,7.928,5.768,4.76,3.797,3.823,0.387,0.331,0.958,76.1,-0.26,0,5
4.827,1.057,7.706,4.516,1.103,7.947,5.225,5.106,5.042,2.939,0.458,0.276,1.014,65.7,6.49,0,9
5.973,1.243,10.66,4.109,0.999,9.18,4.752,4.386,4.188,3.826,0.437,0.631,1.034,64.3,2.81,1,7
2.963,0.916,10.238,3.465,0.94,8.923,3.0,5.054,5.749,3.933,0.479,0.318,1.09,56.9,-9.66,0,12
4.59,1.113,7.98,3.614,1.046,8.542,3.804,4.051,4.035,4.792,0.46,0.313,1.146,71.1,-1.39,1,9
4.454,1.104,7.023,2.0,0.9,8.397,4.293,4.207,4.365,4.744,0.493,0.508,0.906,78.5,7.55,0,13
3.391,0.9,7.791,2.771,0.909,8.205,5.187,4.742,3.166,3.574,0.459,0.431,0.865,50.3,5.24,1,6
4.815,1.14,10.892,5.763,1.106,10.105,5.752,5.25,4.7,3.398,0.723,0.694,0.952,93.2,-6.57,0,11
2.0,0.9,8.038,3.473,0.973,10.6,5.71,6.464,3.653,4.639,0.487,0.537,1.123,99.0,-1.0,1,9
5.641,1.122,7.404,2.0,0.9,12.734,4.286,4.781,3.413,5.059,0.448,0.68,1.06,65.3,-7.23,0,11
3.599,0.982,9.83,4.464,1.089,7.918,4.535,3.0,2.5,2.769,0.432,0.732,1.021,73.6,6.45,1,7
4.29,1.048,11.516,3.507,0.993,6.528,5.829,5.554,4.438,3.805,0.719,0.592,0.926,76.9,3.16,1,7
3.182,0.96,8.591,3.779,0.938,10.02,3.725,5.033,2.999,4.559,0.566,0.472,1.074,68.4,-3.89,1,12
5.382,1.186,7.239,2.78,0.9,9.39,4.034,4.82,4.319,3.513,0.477,0.376,1.065,73.1,-0.45,0,9
5.217,1.123,8.18,5.112,1.113,7.471,5.014,4.503,3.674,5.753,0.551,0.485,0.941,88.0,0.12,1,11
4.234,1.012,8.127,3.065,0.92,10.215,5.148,4.376,3.745,2.982,0.545,0.249,1.131,83.1,-2.69,0,10
5.939,1.198,10.807,2.616,0.9,9.445,4.36,5.878,5.281,4.051,0.27,0.558,1.111,95.7,9.5,0,11
3.937,1.036,7.436,2.866,0.927,8.155,5.902,3.991,4.053,4.627,0.44,0.645,1.021,52.2,-5.41,0,11
4.856,1.062,8.418,2.86,0.901,7.932,3.455,5.056,4.009,4.044,0.359,0.445,1.089,71.9,8.69,0,6
2.288,0.9,6.775,2.843,0.945,11.309,4.575,5.03,3.604,3.601,0.476,0.506,0.998,62.2,-9.15,0,2
3.951,1.044,9.12,5.632,1.138,5.0,5.478,4.259,2.705,4.711,0.613,0.429,0.942,89.3,2.85,1,12
2.956,0.933,7.739,3.835,1.067,8.728,3.96,5.041,4.072,2.671,0.741,0.645,0.85,100.0,0.42,0,10
2.62,0.9,7.636,4.913,1.12,5.0,5.485,4.536,3.431,4.905,0.491,0.478,0.895,74.5,15.0,1,4
4.188,1.022,5.0,5.231,1.064,11.644,4.93,3.729,3.628,3.794,0.498,0.57,1.018,74.3,2.75,1,13
2.0,0.9,7.897,2.354,0.9,5.228,3.763,5.47,4.406,4.356,0.616,0.379,1.01,77.3,0.67,0,6
5.198,1.05,8.39,4.273,1.001,9.3,5.591,6.5,4.91,4.771,0.2,0.538,1.042,73.6,-0.9,1,17
2.819,0.9,7.67,2.279,0.9,8.586,6.123,5.473,3.199,3.509,0.279,0.401,1.178,73.1,-4.66,1,11
5.483,1.142,7.702,4.437,1.078,9.934,4.93,3.311,3.675,5.489,0.676,0.358,1.086,80.8,1.23,0,15
3.808,0.947,9.998,3.556,0.922,8.455,3.792,5.334,4.658,2.576,0.55,0.535,0.997,74.0,0.52,0,8
4.758,1.026,9.747,3.567,0.969,8.379,5.463,4.2,4.006,4.411,0.393,0.51,1.02,72.3,11.51,0,10
4.315,1.058,10.026,5.444,1.097,6.043,4.877,3.0,4.675,4.34,0.611,0.622,0.894,77.0,7.07,0,12
3.5,0.96,9.053,4.047,0.977,5.0,4.914,6.056,2.5,4.514,0.326,0.355,1.024,66.2,-1.96,0,10
2.116,0.9,7.975,3.456,0.971,9.457,4.879,4.181,4.583,3.292,0.5,0.627,0.953,85.4,-5.77,1,7
4.926,0.994,7.95,5.094,1.112,7.421,4.431,4.712,2.957,2.859,0.529,0.443,0.893,73.3,-8.59,0,5
2.859,0.9,6.148,3.168,0.936,8.996,4.938,3.186,3.61,2.707,0.338,0.678,1.136,84.5,4.52,1,7
2.329,0.9,5.838,4.359,1.049,7.104,5.043,4.389,2.966,6.0,0.626,0.52,0.994,56.8,4.95,1,12
3.836,0.968,9.014,2.307,0.9,7.652,3.832,6.077,4.848,5.008,0.398,0.357,0.982,54.0,-15.0,0,5
4.836,1.069,10.624,3.25,0.923,11.659,5.48,5.583,5.026,2.5,0.674,0.274,1.063,59.7,-10.89,0,15
3.549,0.9,9.197,3.689,1.004,6.388,3.156,4.268,4.825,4.838,0.491,0.765,0.95,66.2,-2.54,1,11
4.824,1.108,6.952,4.67,1.064,10.854,4.109,5.891,3.593,3.801,0.69,0.8,0.98,72.6,3.67,0,6
3.449,0.996,12.548,3.034,0.946,9.563,4.891,3.781,3.165,4.871,0.689,0.369,0.97,89.5,1.84,1,8
5.025,1.106,9.22,3.087,0.9,6.548,6.123,5.486,4.129,3.398,0.513,0.536,1.096,62.3,-8.85,1,14
4.053,1.011,7.935,5.427,1.137,9.147,3.44,3.11,2.534,3.697,0.542,0.352,0.911,78.7,7.49,0,7
3.935,1.064,5.0,4.099,1.022,8.126,4.488,4.038,4.667,3.285,0.61,0.8,0.903,94.0,5.95,1,7
4.115,1.053,10.272,4.235,1.037,7.88,5.422,4.903,3.933,3.538,0.456,0.459,0.898,78.1,-0.36,0,5
5.169,1.123,8.711,5.122,1.109,10.889,3.488,3.933,3.487,4.065,0.466,0.516,0.979,65.4,2.11,1,4
4.863,1.086,10.776,3.802,0.966,5.292,3.473,5.152,4.879,4.178,0.655,0.316,0.955,67.0,1.57,0,6
4.303,1.075,9.461,3.932,1.071,9.049,5.14,4.283,2.917,2.671,0.722,0.542,0.96,76.4,-10.67,1,6
5.847,1.18,8.758,3.084,0.92,10.924,4.41,3.481,4.372,2.921,0.61,0.28,0.85,79.8,-5.1,1,8
3.193,0.9,5.767,3.866,1.032,9.684,5.499,6.29,5.476,3.765,0.413,0.521,0.954,75.5,2.45,1,8
5.064,1.136,8.345,3.727,0.951,10.39,4.232,4.182,4.37,4.452,0.469,0.339,0.921,78.9,-0.38,1,7
4.927,1.081,9.097,3.603,1.01,9.331,3.856,3.452,3.793,3.051,0.598,0.2,1.0,85.6,5.38,0,6
3.752,1.045,11.318,4.859,1.095,7.674,4.575,4.257,4.669,2.5,0.2,0.2,0.85,64.3,0.64,0,4
5.217,1.102,7.038,2.41,0.9,7.205,4.98,4.805,3.098,4.627,0.536,0.351,1.019,67.4,-4.09,1,8
3.115,0.921,7.098,2.76,0.929,8.427,5.592,5.225,3.925,4.318,0.39,0.42,1.048,74.3,3.92,1,10
4.137,1.004,10.56,4.686,1.014,5.319,4.038,4.711,3.281,2.5,0.223,0.8,0.971,49.5,-5.86,1,6
5.272,1.106,9.244,4.519,1.025,8.657,4.225,4.191,3.015,4.524,0.586,0.41,0.984,48.2,-5.07,1,12
4.966,1.109,6.889,4.934,1.109,7.823,4.864,4.618,4.182,4.559,0.602,0.532,1.173,79.6,-1.11,0,8
2.891,0.91,9.165,2.0,0.9,7.525,4.059,4.531,4.378,4.162,0.464,0.572,0.908,65.3,-6.53,0,9
6.5,1.289,9.036,3.605,0.946,8.464,4.99,3.959,4.776,4.53,0.637,0.3,1.051,47.8,-2.88,1,10
2.759,0.9,7.979,5.683,1.199,6.3,3.727,5.076,4.166,3.819,0.321,0.467,1.156,66.0,-2.7,1,10
2.569,0.9,10.116,4.479,0.994,9.716,3.931,3.792,3.859,5.312,0.607,0.483,1.008,73.6,13.51,1,9
4.08,1.082,7.38,4.014,1.055,6.844,4.266,4.68,2.5,4.468,0.656,0.49,1.076,83.3,0.03,1,7
4.882,1.126,10.275,2.858,0.961,7.835,5.222,4.61,3.98,3.365,0.505,0.706,0.994,70.8,-1.42,1,9
3.197,0.962,6.213,2.0,0.901,8.1,4.435,4.22,4.613,2.896,0.726,0.42,0.932,71.5,-11.04,1,4
5.413,1.127,8.233,3.256,0.9,8.593,4.901,3.881,3.854,4.235,0.381,0.618,0.907,68.5,0.5,0,4
3.812,0.974,9.27,3.96,1.026,8.161,5.639,4.445,4.43,2.5,0.429,0.397,0.949,65.5,7.25,1,10
3.851,0.991,9.175,5.304,1.106,9.478,4.297,3.771,5.221,5.213,0.476,0.405,0.904,89.1,-6.5,1,4
3.381,0.922,9.367,4.908,1.054,8.645,4.598,3.0,4.545,5.405,0.373,0.715,0.869,73.6,1.23,0,6
3.565,1.032,9.722,4.356,1.154,10.205,4.935,3.365,3.457,4.247,0.433,0.332,1.057,73.1,0.91,1,7
4.603,1.069,9.809,5.533,1.117,9.034,5.332,4.525,4.157,3.944,0.584,0.361,0.916,77.8,-2.14,0,6
3.842,0.974,8.826,6.5,1.189,8.671,5.295,4.314,2.916,3.296,0.417,0.598,1.025,55.5,-15.0,1,8
2.0,0.908,11.194,3.545,0.963,8.22,4.256,4.433,3.526,2.737,0.471,0.557,0.941,72.1,-3.69,1,5
5.111,1.103,7.242,4.08,1.02,9.103,3.188,3.983,4.415,5.46,0.705,0.588,0.959,88.2,-2.03,0,8
3.825,0.995,7.749,4.825,1.069,7.991,4.436,3.073,5.172,4.34,0.436,0.352,1.184,66.9,-0.72,1,8
2.479,0.9,9.03,3.996,0.948,9.464,5.656,5.176,2.564,2.996,0.444,0.424,1.001,70.6,5.2,0,11
4.392,1.063,8.296,2.992,0.969,6.752,3.403,3.893,4.415,3.372,0.366,0.481,0.992,62.9,7.45,0,8
2.485,0.9,5.0,2.588,0.9,7.832,4.81,3.894,3.313,3.973,0.611,0.62,0.85,61.3,6.82,1,7
3.187,0.947,7.758,3.314,0.9,9.208,4.686,3.87,3.441,3.366,0.736,0.725,0.939,72.7,5.46,0,6
2.633,0.954,7.627,6.5,1.27,6.94,4.819,3.977,3.324,5.427,0.416,0.568,0.954,58.7,7.59,1,10
3.405,0.9,6.211,4.83,1.04,10.648,4.36,3.717,4.412,5.742,0.543,0.364,0.94,80.1,0.42,0,6
4.672,1.043,6.591,5.206,1.151,8.067,4.363,5.362,3.707,3.058,0.467,0.549,0.92,80.1,-1.02,1,17
3.189,0.94,9.148,2.32,0.902,10.212,4.143,3.684,4.901,3.774,0.487,0.351,0.918,77.1,5.44,0,8
4.704,1.071,11.678,3.21,0.932,10.007,4.929,5.641,4.038,4.112,0.492,0.637,1.038,68.5,-6.83,0,8
4.107,1.003,10.49,3.183,0.902,10.163,4.993,4.642,5.609,3.44,0.629,0.571,1.045,67.4,3.3,1,13
5.825,1.151,10.324,4.969,1.058,8.841,4.321,4.183,3.984,2.5,0.566,0.633,1.077,73.7,12.3,0,8
3.065,0.988,9.624,4.376,1.077,11.417,4.85,5.288,4.297,3.443,0.567,0.538,1.051,60.9,7.37,0,12
5.134,1.112,7.435,3.421,0.921,8.516,3.117,4.131,4.765,4.189,0.423,0.538,0.991,78.1,-2.71,1,2
2.86,0.9,8.468,5.763,1.095,9.303,4.98,6.41,2.826,3.779,0.62,0.542,1.017,45.1,12.09,0,9
3.05,0.902,10.429,4.589,1.102,9.043,5.411,4.683,3.096,3.473,0.44,0.478,0.925,89.0,2.23,1,8
2.672,0.9,8.331,5.965,1.149,10.182,4.27,4.407,3.462,3.394,0.438,0.616,1.147,62.4,-6.39,1,11
4.325,1.023,11.764,2.609,0.908,7.752,4.17,4.057,4.422,4.734,0.316,0.52,0.881,82.3,-4.61,0,8
3.581,1.033,6.438,2.0,0.9,6.672,4.008,3.524,3.845,3.57,0.315,0.676,0.85,80.1,0.48,0,6
3.262,0.98,5.788,3.888,1.009,8.346,3.849,4.112,5.537,3.641,0.457,0.497,1.088,50.3,3.79,0,9
2.668,0.91,9.605,6.319,1.251,6.86,3.489,3.916,3.438,3.662,0.347,0.647,1.005,68.6,4.98,1,15
3.647,1.01,9.1,3.832,0.986,9.498,3.873,3.758,5.794,3.924,0.597,0.496,0.963,68.2,-1.17,1,8
5.025,1.087,6.952,3.99,1.044,5.595,5.794,5.783,3.791,4.429,0.686,0.501,0.948,57.9,-1.51,1,7
4.126,0.983,8.599,3.294,0.985,10.494,4.89,4.722,3.353,4.684,0.485,0.439,0.892,74.8,0.24,1,9
4.26,1.045,10.886,4.199,1.003,7.215,5.664,4.329,5.138,5.941,0.452,0.596,1.052,73.2,-3.28,0,10
6.082,1.197,8.57,2.347,0.9,6.246,3.0,4.581,3.605,4.511,0.268,0.65,0.99,60.0,-8.24,0,8
6.149,1.177,10.752,2.0,0.9,8.034,4.734,6.288,3.96,3.643,0.357,0.436,0.996,57.0,-5.46,0,12
2.608,0.9,7.444,6.261,1.266,8.723,3.979,3.218,3.746,4.05,0.616,0.519,1.021,60.9,1.1,1,5
5.116,1.123,5.448,2.699,0.9,7.896,3.678,5.698,3.365,3.231,0.767,0.343,1.009,64.2,-5.64,0,11
2.516,0.91,7.013,2.0,0.9,6.65,6.309,3.417,4.621,3.03,0.368,0.257,0.96,68.9,3.75,1,10
3.605,0.954,8.532,3.678,0.96,6.824,4.832,6.17,3.351,2.5,0.255,0.589,0.947,59.7,0.67,0,12
3.301,0.976,9.633,5.278,1.103,10.49,3.901,5.853,4.641,3.815,0.525,0.545,1.113,64.8,-9.14,1,9
3.887,0.954,11.501,4.834,1.119,8.91,4.76,3.592,4.173,6.0,0.5,0.521,1.022,83.7,-5.54,1,11
2.863,0.912,8.823,2.0,0.9,9.199,4.132,4.428,4.765,2.938,0.636,0.415,1.047,58.3,-10.66,1,10
3.99,0.95,7.367,4.621,1.101,6.442,3.938,4.851,2.5,3.134,0.718,0.528,0.907,92.2,6.56,0,9
2.0,0.9,7.915,4.65,1.026,9.053,6.34,3.899,5.165,5.256,0.362,0.44,1.118,50.8,8.97,1,11
2.0,0.9,5.804,3.032,0.905,8.929,4.347,5.659,4.928,3.756,0.626,0.461,0.909,60.5,-15.0,1,4
3.305,0.946,7.85,3.27,0.91,8.334,3.41,4.966,4.782,2.557,0.351,0.653,0.912,72.8,-4.63,0,3
2.397,0.9,9.755,5.392,1.192,7.995,3.0,3.339,2.986,4.147,0.665,0.409,1.117,73.2,-6.78,1,5
2.901,0.932,9.833,4.323,1.068,7.854,4.75,4.658,3.613,3.956,0.596,0.427,0.934,75.8,10.51,1,11
4.543,1.083,5.663,5.664,1.164,10.203,3.861,4.945,3.833,3.088,0.452,0.484,0.856,79.3,-4.23,0,8
3.359,0.943,8.692,4.003,0.994,7.93,5.691,4.176,3.029,2.5,0.266,0.395,1.138,83.4,-0.26,1,11
4.213,1.067,6.629,4.402,1.065,8.108,4.818,4.63,3.484,3.949,0.492,0.261,0.877,94.1,7.08,0,7
4.703,1.055,10.758,6.5,1.202,10.638,6.107,5.6,3.865,3.604,0.358,0.543,1.11,80.7,13.71,1,10
6.341,1.188,8.631,4.526,1.06,10.45,3.948,3.815,4.142,5.956,0.38,0.491,0.923,75.8,3.57,1,6
5.438,1.151,7.177,3.593,0.902,7.262,3.809,5.515,5.413,4.677,0.637,0.63,0.85,66.7,0.41,1,7
3.929,1.038,10.388,6.5,1.273,8.305,5.206,4.585,5.312,3.517,0.544,0.473,0.901,59.9,-5.54,1,5
5.74,1.159,7.953,5.437,1.146,8.449,4.445,5.223,3.6,4.884,0.559,0.602,0.947,68.9,-4.62,0,9
2.306,0.95,8.842,4.475,1.071,6.041,4.47,3.666,3.843,3.677,0.384,0.466,0.981,64.1,8.46,0,11
4.156,1.072,6.254,4.578,1.048,10.438,5.606,6.136,3.62,3.535,0.331,0.398,1.08,62.3,-13.81,1,14
2.0,0.9,8.885,3.835,0.944,7.525,4.13,3.68,4.162,2.877,0.537,0.308,0.942,80.6,6.97,0,7
4.526,0.987,7.316,3.559,0.91,6.899,4.832,4.825,4.315,3.689,0.543,0.497,0.946,90.0,-7.54,0,5
3.277,0.913,6.774,2.932,0.909,8.51,4.824,3.959,4.12,3.042,0.465,0.689,1.063,88.7,0.63,0,6
5.329,1.078,10.932,6.395,1.147,10.077,4.216,4.653,3.302,6.0,0.787,0.292,0.903,55.9,1.5,1,10
2.708,0.9,7.916,2.217,0.9,6.709,5.103,4.195,4.253,3.06,0.431,0.642,1.013,75.3,5.08,1,11
3.132,0.902,9.595,3.581,0.9,9.041,4.563,3.0,3.739,4.353,0.547,0.489,1.112,77.1,-6.28,1,10
4.061,0.97,10.288,3.976,1.051,10.795,3.555,5.537,5.139,4.604,0.352,0.571,0.977,62.8,1.07,0,7
3.348,0.9,10.503,4.332,1.031,9.308,5.049,4.936,2.868,2.572,0.481,0.453,1.184,82.3,-4.45,1,8
3.958,0.97,8.583,4.574,1.074,9.411,6.087,4.707,5.439,3.455,0.588,0.337,1.09,67.8,-6.59,1,9
2.311,0.9,8.613,3.622,0.965,9.66,4.543,5.885,4.112,3.761,0.599,0.274,1.011,77.4,-2.92,1,7
3.824,0.99,10.246,4.135,0.991,8.459,4.836,3.0,3.862,3.996,0.45,0.636,0.95,74.6,-4.83,0,7
4.524,1.038,7.883,5.492,1.08,8.422,3.678,4.625,4.629,3.631,0.685,0.363,0.85,68.6,8.33,1,9
4.31,1.052,9.933,4.313,1.027,8.023,4.295,5.284,3.727,2.5,0.637,0.502,1.002,86.3,0.78,0,10
4.514,0.963,6.982,3.278,0.91,9.963,4.896,5.248,3.844,4.223,0.554,0.571,0.943,69.4,3.05,1,7
4.017,0.97,8.303,5.45,1.122,8.694,3.044,4.386,5.322,4.16,0.716,0.63,1.108,54.7,-7.99,0,12
4.213,0.951,12.349,4.59,1.042,10.002,4.148,4.954,4.662,3.87,0.476,0.603,0.946,79.3,4.11,0,12
5.331,1.149,7.304,4.264,1.021,8.548,4.077,4.827,4.019,4.832,0.578,0.658,1.092,46.8,-11.23,0,15
4.053,1.068,8.978,4.275,1.047,8.43,4.986,4.655,4.412,5.005,0.768,0.451,1.165,77.0,-3.06,1,12
3.003,0.952,10.004,3.522,0.992,9.472,3.876,3.745,3.468,4.214,0.634,0.566,1.094,79.8,2.7,0,10
3.428,0.974,7.519,5.367,1.043,10.284,4.522,5.95,3.042,4.61,0.371,0.376,1.029,46.5,1.87,0,11
2.976,0.963,8.147,3.137,0.9,9.091,4.694,4.527,4.969,4.2,0.345,0.567,1.017,75.1,9.77,1,10
4.412,0.961,8.152,4.656,1.131,10.118,5.325,3.612,4.854,3.954,0.57,0.43,0.924,52.6,3.51,1,8
4.226,1.049,8.892,5.105,1.142,9.038,5.064,3.703,4.235,3.298,0.601,0.339,0.952,59.3,-3.29,0,13
3.556,1.042,6.482,2.813,0.908,11.994,3.656,3.21,2.766,3.773,0.399,0.778,0.919,63.5,-7.43,0,5
2.986,0.967,9.529,2.653,0.9,6.796,5.736,4.295,4.024,4.162,0.519,0.266,1.146,77.8,-3.46,0,4
2.0,0.9,8.746,3.166,0.953,5.0,4.78,4.409,3.212,4.261,0.618,0.431,1.025,70.2,-8.65,1,8
4.383,1.032,8.504,3.269,0.95,8.5,5.68,4.096,3.741,3.14,0.481,0.446,0.961,68.4,2.8,1,4
3.07,0.9,9.288,6.243,1.185,5.533,4.944,3.0,3.772,2.5,0.49,0.603,1.041,83.5,8.79,0,7
4.29,1.022,10.965,4.483,1.056,8.612,5.688,5.172,2.909,3.746,0.35,0.657,0.985,69.0,8.92,0,14
3.596,0.934,8.172,4.818,1.03,10.66,4.518,3.0,4.166,3.33,0.441,0.2,0.908,61.3,8.85,1,8
3.014,0.91,8.518,3.485,0.942,7.492,3.739,4.077,5.064,4.025,0.543,0.53,0.868,59.7,-2.73,0,6
5.632,1.23,6.41,5.601,1.121,7.475,4.199,5.158,3.148,4.473,0.2,0.421,1.145,52.7,-2.05,0,13
5.727,1.12,10.891,3.561,0.982,7.993,5.19,4.922,4.269,3.129,0.539,0.457,0.991,79.3,2.42,1,11
5.274,1.162,9.92,6.5,1.282,9.203,3.603,4.71,5.477,2.5,0.448,0.276,1.039,68.3,3.47,1,11
3.97,0.997,10.034,4.191,1.075,6.656,3.0,3.433,3.455,5.162,0.63,0.38,1.022,55.2,0.57,1,3
5.461,1.114,11.585,3.977,0.996,10.522,4.769,3.0,3.713,3.409,0.238,0.641,1.071,73.1,10.14,1,7
3.428,0.902,8.176,3.315,0.949,7.836,4.266,5.394,3.172,4.59,0.661,0.284,0.961,64.9,6.94,1,9
4.088,1.047,7.379,2.003,0.9,5.667,3.638,5.086,3.128,3.5,0.406,0.67,1.045,76.6,-10.4,0,5
3.567,0.995,7.768,4.231,1.017,9.694,4.743,3.156,4.593,4.719,0.404,0.34,0.994,82.7,-7.01,0,8
3.751,0.989,6.902,3.39,0.913,8.666,3.648,3.576,5.312,4.387,0.359,0.66,1.009,83.2,-3.0,1,3
2.373,0.9,7.311,5.807,1.197,7.963,3.792,4.358,2.764,4.905,0.569,0.51,1.065,82.8,-3.89,1,9
4.918,1.061,10.214,3.88,1.088,9.767,3.601,4.042,4.289,3.998,0.503,0.534,1.016,78.2,-5.26,0,8
3.211,0.949,10.287,2.277,0.9,12.337,3.0,4.327,3.37,5.253,0.337,0.252,0.85,72.9,3.08,0,3
2.637,0.9,10.529,5.321,1.114,6.452,3.898,4.334,5.775,2.532,0.519,0.486,1.027,70.4,7.48,1,9
4.066,1.102,8.463,5.163,1.105,7.985,3.839,4.274,4.08,2.586,0.8,0.548,1.066,69.1,-10.19,0,9
4.007,0.952,8.731,4.09,1.044,7.301,3.659,3.617,3.71,4.933,0.523,0.668,1.111,69.7,-3.7,0,10
2.349,0.9,10.665,4.109,1.026,6.04,5.114,3.78,2.8,4.366,0.416,0.656,0.969,62.8,-13.36,1,9
2.351,0.9,10.759,5.089,1.104,8.03,4.044,3.989,3.881,3.463,0.567,0.571,0.989,64.3,6.37,1,8
3.973,0.976,9.929,4.883,0.994,8.657,3.0,4.568,4.357,3.299,0.36,0.429,0.886,75.2,1.87,1,6
4.919,1.014,9.698,3.706,1.031,7.681,3.959,5.622,3.408,2.5,0.433,0.509,1.058,61.6,-3.53,1,10
4.907,1.047,8.239,4.293,1.044,10.175,4.705,3.593,4.951,3.623,0.503,0.8,1.051,65.9,-3.66,1,9
5.266,1.124,7.949,3.083,0.9,8.541,4.387,3.69,4.779,4.773,0.485,0.378,1.096,76.7,-14.28,0,8
3.719,0.951,7.953,4.708,1.032,9.736,3.966,3.0,4.583,4.488,0.42,0.395,1.054,76.5,-2.23,0,10
4.132,1.055,7.307,4.497,1.062,8.769,3.669,4.515,3.231,4.364,0.673,0.619,0.874,65.1,-3.0,1,12
4.268,1.09,5.368,5.944,1.225,8.367,4.162,6.123,4.993,3.865,0.315,0.513,1.04,72.9,2.25,0,11
5.336,1.039,10.123,4.194,0.946,7.299,5.074,4.381,3.169,5.007,0.576,0.413,1.114,81.3,-15.0,0,9
3.938,0.935,5.751,2.838,0.913,5.113,3.968,4.659,5.876,3.403,0.648,0.591,0.977,90.2,4.05,1,6
4.658,1.085,10.447,4.331,1.087,6.581,5.091,5.71,5.947,3.657,0.504,0.608,1.078,70.1,-7.15,0,10
4.662,0.97,9.436,4.346,1.056,8.688,4.528,6.5,3.649,5.655,0.44,0.366,0.967,65.4,-0.28,0,15
3.886,0.976,6.909,5.503,1.131,7.821,6.307,4.992,2.5,3.498,0.533,0.67,1.057,89.4,0.67,1,16
3.188,0.909,7.813,5.245,1.097,10.019,3.604,4.904,3.568,4.299,0.557,0.738,0.917,71.1,13.32,1,7
3.96,1.019,8.632,3.264,0.998,8.721,5.756,4.346,4.358,4.201,0.725,0.442,0.911,64.0,2.98,1,5
2.881,0.9,7.383,3.034,0.927,8.232,3.914,4.336,3.682,4.567,0.5,0.701,1.045,86.9,-0.53,1,6
2.866,0.9,9.723,4.712,1.018,11.157,5.577,4.478,3.847,3.717,0.684,0.616,1.027,79.4,-5.68,1,10
4.511,1.019,8.959,4.665,1.055,7.602,3.606,4.024,2.565,3.651,0.684,0.54,0.932,70.1,-15.0,0,8
3.856,1.016,8.806,4.906,1.075,8.806,5.079,4.388,2.824,3.81,0.631,0.45,1.105,84.3,0.47,1,14
3.02,0.925,10.323,4.245,1.054,5.294,3.968,4.166,3.577,4.44,0.283,0.376,1.002,73.0,-9.56,1,11
2.0,0.9,8.684,2.0,0.9,7.781,5.626,4.479,4.233,4.437,0.34,0.589,0.914,69.2,6.84,0,9
2.658,0.9,9.106,3.753,0.936,7.773,5.862,4.251,3.287,2.5,0.456,0.585,1.038,64.6,2.54,1,10
5.0,1.108,7.689,5.47,1.173,7.998,3.529,4.982,2.9,6.0,0.71,0.472,0.858,78.3,5.37,1,6
5.564,1.158,11.372,3.832,1.03,8.438,4.733,3.757,6.0,4.829,0.253,0.436,0.85,67.8,-3.22,0,13
5.139,1.192,8.06,3.486,1.014,8.661,3.766,4.447,4.736,4.906,0.309,0.532,1.068,84.0,4.28,1,9
5.452,1.144,8.012,5.31,1.132,8.233,5.702,4.592,4.011,3.431,0.228,0.453,0.939,85.3,2.24,0,11
2.164,0.9,8.082,3.737,0.964,7.672,4.767,5.15,4.834,4.904,0.643,0.39,0.95,72.1,-13.6,1,8
3.833,0.994,9.556,5.316,1.1,9.098,4.415,3.217,4.544,2.726,0.38,0.8,1.031,80.4,-5.1,1,10
4.243,0.981,9.52,4.448,0.973,8.13,3.618,5.359,3.416,2.546,0.472,0.509,1.181,71.2,4.19,0,9
4.156,1.012,11.957,3.701,0.959,8.871,4.908,5.292,3.73,3.497,0.421,0.502,0.967,70.1,1.27,0,10
4.083,1.013,7.741,5.266,1.047,9.039,5.436,4.264,2.863,5.574,0.631,0.67,0.877,80.0,-9.76,0,11
5.944,1.172,9.135,3.437,0.931,7.219,5.002,5.076,5.453,3.341,0.514,0.295,0.942,79.3,7.78,1,13
3.443,0.96,8.18,6.012,1.137,7.64,3.0,4.15,3.242,3.844,0.683,0.584,1.061,74.1,2.38,0,12
5.068,1.108,10.139,5.079,1.124,6.981,4.603,4.575,4.354,4.622,0.602,0.576,0.85,61.1,-9.24,1,6
4.781,1.031,11.018,4.123,1.036,9.51,5.356,5.107,4.921,3.528,0.488,0.608,1.053,83.2,-8.41,0,7
4.078,1.054,8.055,5.458,1.131,9.134,5.229,3.556,6.0,6.0,0.541,0.415,0.85,58.6,1.33,1,8
4.378,1.055,9.258,5.35,1.158,10.905,3.717,3.548,4.469,3.739,0.408,0.677,0.959,67.8,10.32,1,12
2.753,0.9,9.693,4.216,0.995,6.941,5.565,4.444,4.233,4.232,0.582,0.486,1.094,77.9,-4.26,1,12
3.569,0.994,6.091,2.882,0.95,7.237,6.181,5.951,3.809,4.229,0.46,0.644,1.029,65.6,4.59,0,13
2.0,0.9,9.664,5.547,1.149,7.274,3.815,5.223,3.101,4.32,0.235,0.71,1.052,76.6,-2.2,0,10
4.03,0.992,9.81,6.335,1.22,6.289,4.157,4.732,4.035,4.49,0.2,0.36,0.883,75.6,-7.91,1,9
2.749,0.914,10.399,4.211,0.987,5.513,4.212,4.572,3.662,3.595,0.505,0.41,1.099,78.5,-1.69,1,15
3.924,0.962,7.727,5.005,1.082,6.274,5.473,3.75,3.311,5.142,0.336,0.537,0.887,56.6,-6.04,1,13
5.12,1.034,6.977,3.938,0.98,7.047,3.0,3.672,3.76,3.849,0.669,0.365,0.98,81.2,-1.67,0,9
3.278,0.9,7.184,5.213,1.084,6.872,3.0,3.44,3.174,3.451,0.352,0.523,1.002,76.7,2.24,1,9
5.138,1.164,10.465,5.161,1.182,11.892,5.157,4.027,3.321,3.059,0.516,0.61,1.083,91.6,-7.09,0,6
4.534,0.993,10.368,4.803,1.069,8.834,4.326,3.575,3.542,5.607,0.418,0.548,0.944,60.4,0.27,1,8
2.954,0.9,7.767,3.117,0.914,8.02,4.629,5.648,4.416,4.521,0.636,0.628,1.076,79.4,5.52,0,8
3.176,0.939,5.359,4.253,0.984,10.206,4.341,4.53,4.259,3.869,0.508,0.453,0.851,54.9,6.29,0,4
2.252,0.9,9.143,4.708,1.081,10.55,5.05,5.563,4.736,3.838,0.382,0.658,0.92,82.4,-0.45,1,9
5.813,1.217,6.108,3.599,0.946,8.343,4.675,3.616,4.113,3.968,0.459,0.359,0.913,47.0,3.52,1,7
3.474,0.909,6.185,2.569,0.9,7.885,5.032,4.425,3.578,3.232,0.605,0.567,0.987,66.1,4.55,0,8
2.715,0.9,11.302,5.412,1.131,9.495,6.133,4.133,2.833,3.323,0.594,0.244,0.96,53.5,-4.01,0,8
5.58,1.091,6.346,4.824,1.131,9.629,5.872,4.642,3.847,3.512,0.757,0.228,0.85,77.3,-7.43,0,10
5.055,1.083,10.408,2.547,0.928,8.119,4.315,5.041,2.945,3.542,0.474,0.688,0.85,72.0,0.55,0,10
3.955,1.003,5.986,2.929,0.953,8.469,5.462,4.423,2.5,4.076,0.449,0.235,1.023,62.1,-4.44,0,10
4.378,1.093,7.749,3.724,1.035,9.5,4.312,6.071,5.801,4.222,0.59,0.312,0.954,72.0,9.64,0,12
2.331,0.9,9.098,2.0,0.935,6.622,4.255,4.009,3.248,3.892,0.451,0.3,0.893,69.0,-0.75,1,8
6.5,1.265,9.605,5.124,1.075,8.85,4.43,4.91,4.336,3.892,0.495,0.614,1.067,64.2,-7.72,1,9
3.884,1.003,8.035,4.593,1.022,8.954,3.707,4.667,3.221,5.281,0.577,0.353,1.12,67.2,2.26,0,13
2.547,0.9,9.435,2.367,0.9,9.239,4.918,5.136,3.533,3.149,0.472,0.462,0.992,80.7,4.06,1,9
4.949,1.104,8.021,2.0,0.9,6.871,4.729,4.19,3.617,3.589,0.482,0.489,1.032,61.9,9.65,1,11
4.354,1.04,7.114,3.284,0.952,7.202,4.494,5.081,4.164,4.53,0.703,0.648,0.901,73.0,3.09,0,7
5.666,1.188,7.628,6.5,1.194,8.181,4.29,5.359,3.821,2.76,0.371,0.603,1.122,55.2,5.8,0,11
5.424,1.15,10.967,5.717,1.134,10.397,5.897,4.027,5.383,4.923,0.484,0.481,1.082,98.8,0.21,1,9
3.608,0.997,9.789,4.861,1.009,7.639,4.786,4.536,3.709,4.633,0.403,0.577,1.028,92.5,-9.73,1,11
3.294,0.909,8.099,4.539,1.085,11.1,4.411,4.757,5.713,5.137,0.25,0.602,1.015,84.1,6.15,1,8
5.059,1.109,9.002,3.476,1.014,9.413,4.564,4.657,3.676,4.221,0.461,0.325,1.085,74.7,5.58,1,8
4.251,1.072,10.082,4.095,0.992,7.02,5.413,3.881,3.396,4.352,0.651,0.436,1.134,85.7,5.89,1,15
3.589,0.987,6.537,2.792,0.9,9.298,3.629,4.144,4.87,4.247,0.512,0.358,1.081,71.8,4.36,1,9
4.524,1.038,6.333,3.545,0.9,9.503,4.01,4.126,4.177,3.983,0.602,0.8,1.065,86.1,0.47,0,10
4.625,1.008,9.273,4.803,1.123,8.676,3.275,5.452,3.758,5.081,0.566,0.694,0.975,64.7,-12.31,0,10
4.648,1.105,11.045,2.964,0.939,9.159,3.665,5.775,3.383,2.724,0.411,0.659,0.959,95.3,-5.08,1,10
3.43,0.921,8.128,5.3,1.15,8.581,3.34,4.574,3.657,3.601,0.479,0.5,1.107,86.2,0.73,0,13
4.9,1.086,9.673,4.726,1.068,10.273,4.373,6.304,4.649,4.245,0.566,0.281,0.924,67.7,-0.9,1,10
4.769,1.011,7.76,2.456,0.9,8.764,4.246,4.075,3.866,5.059,0.33,0.518,1.089,75.6,5.84,0,8
6.296,1.298,7.39,3.648,0.956,8.39,5.46,5.024,4.566,4.62,0.404,0.464,1.008,70.8,-1.24,0,16
2.368,0.9,9.357,3.031,0.931,8.556,3.076,5.357,4.14,4.156,0.593,0.626,1.063,67.2,-1.6,1,15
5.68,1.146,6.378,3.818,0.908,9.465,3.046,4.691,5.212,2.5,0.544,0.292,1.08,59.6,-4.78,1,6
4.184,1.025,9.707,3.137,0.949,10.549,4.624,5.294,4.821,3.881,0.487,0.543,1.131,87.6,11.82,0,9
3.159,0.915,8.865,4.29,1.0,8.071,5.451,4.493,4.668,4.617,0.383,0.376,0.951,77.8,-9.01,0,8
4.463,1.063,8.309,4.343,1.041,7.168,5.737,4.189,4.204,3.319,0.219,0.443,0.967,69.8,-7.47,1,4
5.887,1.17,6.439,3.536,0.999,6.871,5.823,4.087,4.311,4.895,0.543,0.495,1.042,100.0,-3.91,0,12
3.01,0.9,7.111,2.579,0.9,11.006,4.549,4.675,4.388,3.833,0.264,0.451,1.068,57.0,-4.55,1,10
3.303,0.957,9.867,3.866,0.973,9.745,5.061,4.909,3.671,6.0,0.532,0.684,0.988,50.5,7.3,1,8
4.513,1.084,8.533,3.108,0.9,9.568,4.952,5.27,3.201,2.5,0.487,0.678,1.095,67.0,-2.0,1,10
3.186,0.968,7.893,4.31,1.036,8.292,5.897,4.852,3.269,4.896,0.65,0.217,1.059,58.0,-6.24,1,9
2.0,0.9,7.175,4.501,0.99,9.144,5.491,5.629,2.671,2.869,0.468,0.469,0.917,54.1,6.33,0,7
4.782,1.065,9.074,3.071,0.9,10.469,4.816,4.974,2.654,2.5,0.461,0.726,1.042,84.0,-3.85,0,13
5.33,1.123,5.692,4.294,1.019,6.926,3.516,4.614,4.932,3.212,0.394,0.593,1.108,66.1,-9.68,0,9
2.0,0.9,10.226,4.174,0.982,8.225,4.29,3.694,3.47,5.706,0.397,0.244,1.013,70.1,-3.55,0,2
3.987,1.013,6.141,5.063,1.057,10.522,3.293,4.414,2.765,3.784,0.569,0.478,1.066,75.3,-4.72,1,10
3.676,1.046,6.349,4.621,1.058,10.244,3.549,4.232,4.395,3.568,0.26,0.267,0.893,92.1,0.04,1,8
2.2,0.9,8.243,2.0,0.9,7.082,3.894,3.562,4.41,5.106,0.465,0.594,0.996,75.3,0.76,1,8
3.779,1.072,6.185,3.516,0.97,8.315,4.56,4.21,4.954,2.752,0.537,0.506,0.967,61.4,6.66,1,4
5.484,1.19,9.178,3.009,0.9,7.306,4.006,4.449,4.427,5.151,0.528,0.616,0.999,61.3,0.74,0,8
2.008,0.9,7.483,4.33,1.054,8.267,3.845,4.473,3.397,4.094,0.402,0.487,1.002,73.4,-5.72,1,7
6.5,1.166,10.488,2.868,0.9,8.748,4.614,4.901,3.407,4.786,0.315,0.502,1.109,57.5,7.7,1,11
4.86,1.057,8.547,3.493,0.977,8.555,3.832,4.985,4.266,4.156,0.535,0.283,1.034,81.4,-0.56,1,12
5.016,1.074,7.356,4.047,1.043,8.158,5.715,3.876,3.442,3.403,0.637,0.484,0.956,64.6,6.53,1,9
4.817,0.991,8.091,5.019,1.135,7.939,4.908,4.028,4.592,4.967,0.548,0.236,0.87,81.4,-3.09,1,7
3.888,1.063,5.895,2.255,0.9,10.523,3.968,4.354,4.71,5.957,0.538,0.677,0.952,45.0,-2.81,0,6
2.404,0.9,8.554,5.739,1.141,9.637,5.122,4.274,4.585,4.172,0.533,0.576,0.85,63.1,1.01,1,5
4.266,1.015,7.964,5.53,1.166,7.454,5.608,4.494,3.633,2.5,0.514,0.39,0.978,83.3,-7.15,0,10
2.754,0.9,7.753,5.06,1.107,7.544,5.025,5.776,4.475,4.914,0.235,0.701,1.035,75.3,1.3,0,9
2.638,0.9,9.507,3.623,0.989,7.708,3.767,3.0,3.52,3.136,0.516,0.474,0.984,53.5,1.87,1,8
4.868,1.046,11.14,3.289,0.916,7.321,6.165,4.442,4.063,2.693,0.281,0.762,1.2,72.7,9.49,0,10
5.296,1.032,6.828,3.16,0.919,10.302,4.388,3.0,4.849,3.117,0.652,0.396,1.03,61.0,12.81,1,5
3.988,1.011,6.874,3.517,0.9,8.203,4.472,3.939,4.39,3.255,0.593,0.397,1.103,71.3,-3.33,0,9
4.329,1.054,5.874,5.075,1.128,8.184,3.467,4.826,3.085,3.951,0.43,0.436,1.074,80.2,-4.12,0,14
6.5,1.216,7.115,3.831,0.927,10.457,3.989,5.61,3.054,6.0,0.434,0.528,0.897,61.3,6.38,0,13
5.213,1.154,8.22,4.919,1.087,11.701,4.886,4.249,2.829,3.312,0.8,0.295,0.898,70.2,-0.99,0,7
3.948,0.984,10.365,4.265,0.972,8.755,3.835,4.362,3.671,4.538,0.539,0.761,0.965,58.1,8.46,1,6
3.77,0.982,7.875,4.271,1.042,11.156,4.918,4.617,2.5,4.516,0.415,0.479,1.006,90.7,2.88,1,10
3.075,0.921,8.363,3.455,0.984,12.94,5.081,4.956,4.061,5.206,0.613,0.535,1.023,74.0,-0.32,1,6
4.253,1.002,5.605,3.506,0.954,7.006,5.914,4.637,3.284,3.779,0.362,0.555,0.998,52.9,-15.0,0,4
2.886,0.9,5.665,5.089,1.134,9.034,4.358,4.838,4.706,3.885,0.574,0.4,0.88,53.6,7.04,1,11
2.037,0.9,9.271,3.043,0.941,10.193,4.91,4.011,4.284,3.78,0.598,0.599,1.038,84.9,-0.6,0,6
4.657,1.026,10.487,2.0,0.9,8.597,3.968,4.843,4.221,3.872,0.322,0.466,0.85,78.7,1.49,0,9
2.816,0.9,9.632,3.115,0.982,6.629,4.267,4.295,5.987,4.863,0.543,0.395,0.926,86.9,7.49,1,5
4.274,1.098,11.79,2.771,0.9,7.798,4.786,4.354,3.261,4.982,0.203,0.324,0.931,51.8,2.26,1,7
2.812,0.903,11.249,6.498,1.23,9.974,4.151,3.0,3.452,4.127,0.27,0.472,1.172,76.0,-2.42,1,6
4.169,0.992,7.803,2.0,0.9,8.831,3.0,3.831,5.507,2.794,0.37,0.738,0.937,64.1,-2.64,1,4
3.06,0.938,8.187,4.336,1.024,10.096,3.843,4.506,4.161,3.505,0.533,0.551,1.018,49.6,4.49,0,13
2.443,0.9,9.06,3.003,0.907,7.629,5.257,6.123,3.189,2.5,0.486,0.623,0.892,92.1,-3.04,1,11
5.042,1.088,6.573,3.023,0.9,8.417,3.0,4.901,3.237,5.173,0.364,0.339,1.011,70.5,-4.36,1,13
5.008,1.117,7.694,5.866,1.114,7.605,3.627,5.181,4.556,4.339,0.2,0.66,1.056,66.9,-4.29,0,9
5.291,1.164,8.331,4.414,1.041,10.819,5.731,5.581,3.863,4.146,0.566,0.279,0.956,71.6,8.29,1,10
5.364,1.128,8.414,2.224,0.9,6.749,5.281,3.758,4.4,5.006,0.665,0.494,1.014,68.6,-8.43,1,9
2.0,0.9,9.251,5.505,1.187,9.217,4.752,3.302,4.709,3.014,0.394,0.329,1.039,71.0,-3.08,1,12
6.5,1.254,8.588,4.468,1.082,8.599,4.275,4.591,3.772,5.016,0.509,0.311,0.977,80.1,-5.4,0,2
4.701,1.076,5.121,3.732,0.958,5.82,3.867,5.354,4.512,4.799,0.65,0.575,0.925,80.5,2.06,0,11
4.527,0.974,5.0,3.934,1.02,8.508,3.397,3.752,4.037,4.455,0.566,0.521,0.974,66.1,-2.57,1,10
3.661,0.974,9.59,3.173,0.986,8.476,3.483,4.79,3.995,3.499,0.643,0.535,1.108,56.3,-4.72,0,13
5.357,1.174,9.028,6.5,1.33,11.083,4.582,4.389,6.0,3.824,0.596,0.463,0.953,79.7,-5.96,0,15
6.5,1.257,7.308,2.79,0.9,8.245,4.151,3.402,3.952,4.116,0.715,0.372,1.057,74.6,-4.77,1,4
2.285,0.9,8.708,4.801,1.159,10.302,3.521,3.423,5.415,5.868,0.612,0.411,1.015,64.0,-1.71,1,10
3.28,0.936,8.986,4.48,1.057,8.647,3.863,4.555,5.348,3.648,0.532,0.47,0.995,60.4,2.38,1,7
3.674,0.956,9.646,2.781,0.9,8.058,4.522,3.0,3.607,3.709,0.604,0.566,0.99,63.0,8.15,1,9
4.03,0.955,6.48,3.976,1.007,11.658,3.43,3.943,2.876,2.831,0.382,0.551,0.989,92.4,4.59,1,9
3.579,0.974,6.876,3.208,0.917,6.889,4.81,3.633,4.8,5.103,0.462,0.732,0.899,55.8,2.03,1,7
3.277,0.959,7.007,4.223,1.083,9.698,3.09,3.467,4.738,2.526,0.374,0.8,1.018,75.9,-2.15,0,5
3.493,1.009,7.413,6.5,1.24,13.0,4.845,4.839,4.263,4.588,0.455,0.283,0.925,84.2,-0.95,1,11
4.762,1.061,8.73,5.803,1.203,6.387,3.0,4.821,4.396,4.043,0.39,0.606,0.871,61.9,5.51,0,9
2.653,0.907,9.392,5.228,1.179,8.142,3.776,4.508,2.829,4.2,0.8,0.674,1.2,72.6,1.64,1,11
3.277,0.957,12.234,3.564,0.953,6.302,4.753,4.074,4.023,3.127,0.477,0.346,1.018,51.5,4.11,1,12
5.044,1.11,9.128,4.183,1.023,10.559,4.309,4.021,4.138,2.92,0.2,0.688,1.061,66.6,11.24,1,8
2.377,0.9,10.335,4.943,1.117,8.552,5.578,5.677,3.907,4.609,0.574,0.681,0.879,85.4,4.83,0,8
3.307,0.961,7.374,3.485,0.965,6.762,4.124,4.868,4.554,3.483,0.633,0.369,0.964,82.7,1.95,1,7
4.003,1.034,6.486,3.85,1.067,7.745,3.945,4.591,4.382,3.829,0.446,0.538,0.992,64.6,-0.11,0,15
6.5,1.306,10.279,2.344,0.915,9.524,4.905,4.513,4.783,3.876,0.532,0.348,1.056,90.8,5.54,1,9
4.234,0.956,7.858,5.671,1.132,9.968,4.207,4.074,3.977,3.751,0.415,0.639,1.091,66.4,2.85,1,8
2.0,0.9,8.985,5.427,1.102,8.047,4.099,4.844,3.685,4.23,0.545,0.51,0.974,74.0,2.74,1,8
4.685,1.05,8.137,4.02,1.052,11.946,4.221,3.136,4.1,5.322,0.536,0.497,0.999,78.0,-1.95,0,12
2.942,0.924,8.83,3.55,0.973,6.279,4.018,5.9,2.5,4.75,0.572,0.508,1.071,86.8,0.16,1,11
2.476,0.9,7.439,3.782,0.943,8.966,5.664,3.099,5.024,3.903,0.591,0.435,0.944,90.1,-4.67,1,6
3.047,0.907,5.347,3.779,0.987,7.91,5.121,5.203,2.5,3.952,0.314,0.414,1.098,79.9,1.83,0,8
3.819,1.026,9.398,3.601,0.96,12.144,3.423,4.595,3.724,4.338,0.617,0.371,1.012,87.7,-0.43,0,7
4.028,0.986,9.797,2.0,0.9,7.212,3.976,5.486,3.468,2.5,0.788,0.426,0.936,89.3,-6.35,0,9
2.699,0.9,8.52,5.072,1.144,8.238,4.042,6.133,3.986,2.5,0.451,0.325,0.887,94.2,5.41,1,10
2.582,0.9,9.16,3.768,0.98,7.301,3.697,4.371,3.149,2.966,0.536,0.262,0.981,78.0,10.27,1,8
2.049,0.9,8.713,4.09,1.009,7.536,5.946,5.96,5.231,3.127,0.455,0.422,0.985,63.9,9.53,1,15
3.605,1.016,8.285,2.663,0.976,7.68,3.963,3.599,4.406,3.504,0.588,0.594,1.14,61.0,12.47,0,13
3.223,0.919,5.822,5.497,1.154,10.131,5.187,4.575,4.088,2.665,0.552,0.462,1.047,62.1,1.65,0,3
3.704,0.925,7.282,4.948,1.151,11.226,5.051,3.0,4.002,2.873,0.764,0.497,0.969,71.1,-3.24,1,13
3.011,0.9,11.738,3.817,1.035,9.247,3.535,5.358,6.0,4.664,0.404,0.235,1.001,81.2,0.16,0,10
3.614,0.956,9.003,4.255,1.111,8.649,4.469,4.022,3.785,2.683,0.499,0.457,0.961,76.6,-13.82,1,11
4.969,1.095,5.191,4.735,1.069,6.632,4.979,5.091,4.602,3.882,0.682,0.666,1.049,50.5,11.38,1,14
5.145,1.085,6.125,6.5,1.288,9.437,4.13,3.892,4.946,4.056,0.609,0.554,1.056,82.7,2.2,1,11
3.87,1.008,9.909,3.326,0.918,5.929,4.095,4.965,3.513,4.232,0.428,0.623,0.92,85.8,-9.43,1,8
4.749,1.089,9.171,4.244,1.002,8.684,4.634,3.992,2.5,3.423,0.385,0.451,1.066,52.2,-0.25,1,12
3.695,0.937,7.997,3.338,0.938,10.184,3.339,3.413,5.115,3.981,0.339,0.576,0.964,83.7,-9.37,0,9
3.785,0.972,9.595,5.995,1.167,10.163,6.026,3.967,4.122,3.524,0.695,0.561,1.093,73.8,-0.96,0,8
4.022,1.022,9.255,2.735,0.935,9.567,4.453,3.457,3.665,4.202,0.548,0.321,0.894,73.9,7.59,1,11
4.844,1.055,9.003,2.694,0.9,6.768,3.688,3.452,4.593,4.477,0.202,0.47,1.019,47.2,-0.28,0,3
5.569,1.122,6.795,6.443,1.233,9.029,4.015,4.167,3.506,4.236,0.662,0.622,0.883,66.3,9.76,0,8
3.01,0.909,9.26,4.6,1.06,7.976,4.962,5.645,3.633,4.084,0.575,0.721,1.048,89.3,10.59,1,5
5.962,1.198,8.412,4.222,1.061,9.062,3.247,3.615,3.09,3.122,0.392,0.756,1.08,71.0,-8.8,0,12
4.015,0.994,8.308,5.529,1.201,9.553,3.423,4.266,4.258,3.313,0.635,0.425,0.986,61.5,5.04,1,12
4.414,0.989,6.823,4.524,1.025,7.462,3.785,3.917,4.411,2.5,0.623,0.473,1.042,45.0,-0.02,1,10
4.021,0.931,10.527,4.208,1.009,8.341,4.39,5.33,2.762,2.563,0.504,0.669,0.949,84.0,-4.46,0,9
2.456,0.911,11.263,5.128,1.116,9.558,5.371,4.607,3.799,3.259,0.519,0.405,0.948,66.0,-8.61,1,2
4.443,0.989,7.014,4.267,0.973,6.257,3.677,4.259,3.837,2.542,0.496,0.256,1.089,63.9,1.62,1,7
4.884,1.062,7.618,5.56,1.162,7.54,3.31,4.495,3.884,3.9,0.345,0.428,1.012,73.0,-0.63,0,8
4.363,0.971,8.23,4.019,1.07,8.895,4.875,4.595,3.76,3.406,0.327,0.413,1.078,85.9,3.55,0,6
3.621,0.901,9.187,2.135,0.9,9.897,6.5,4.636,4.317,3.345,0.451,0.387,1.123,60.7,3.62,0,9
3.574,0.982,5.191,5.377,1.104,9.33,3.434,3.591,4.238,2.963,0.457,0.51,1.01,97.4,8.98,0,4
3.657,0.992,9.723,3.784,1.02,9.718,4.563,4.293,4.317,2.871,0.586,0.425,1.019,64.6,7.0,1,7
3.39,0.953,6.238,4.62,0.95,8.483,5.604,4.643,3.398,3.236,0.539,0.286,1.17,67.6,0.32,0,16
4.259,0.967,7.767,3.22,0.9,9.556,3.434,4.149,3.468,4.584,0.296,0.593,0.993,79.6,5.12,1,10
5.803,1.121,10.76,2.781,0.94,9.812,3.736,5.685,3.497,2.939,0.639,0.48,1.127,70.9,-2.15,0,13
4.536,1.094,7.8,4.834,1.124,9.709,4.843,5.251,3.964,2.5,0.422,0.704,0.926,77.7,1.8,1,7
4.936,1.11,9.904,2.807,0.9,9.773,5.576,4.565,4.176,4.393,0.289,0.657,1.028,91.4,-3.88,0,10
4.456,1.062,7.131,3.414,0.945,6.489,3.589,4.07,4.317,2.654,0.612,0.707,0.85,78.6,-3.51,0,9
2.784,0.904,6.486,4.219,1.013,9.188,3.1,4.433,2.634,3.761,0.378,0.507,1.006,86.5,0.0,1,8
2.0,0.9,10.9,4.107,1.047,8.228,3.922,5.304,4.148,3.498,0.566,0.534,1.083,96.3,-0.8,1,14
3.659,1.007,9.973,3.323,0.938,9.488,5.013,3.303,3.234,3.184,0.532,0.46,0.953,63.0,6.2,1,8
5.353,1.122,7.305,3.545,0.948,9.268,3.231,4.957,2.543,4.066,0.649,0.628,0.892,63.0,-4.62,0,9
5.019,1.037,9.21,5.322,1.078,6.323,4.235,3.841,3.515,4.455,0.614,0.565,1.136,68.1,2.27,0,11
4.176,0.948,7.883,2.0,0.9,6.987,4.742,4.163,2.949,3.749,0.383,0.439,0.976,71.4,-3.87,0,10
4.518,1.101,8.553,4.992,1.129,11.135,5.681,4.125,3.124,2.5,0.404,0.379,0.85,73.2,-7.66,1,8
2.483,0.9,8.436,4.546,1.007,6.071,5.777,5.288,4.578,4.352,0.671,0.213,0.85,72.0,-2.98,1,15
4.296,1.032,9.598,4.292,1.036,9.59,4.048,4.462,3.901,3.565,0.8,0.364,0.924,84.0,3.29,1,11
4.883,1.04,5.579,3.602,0.985,8.45,4.717,5.685,5.695,2.5,0.462,0.677,0.85,85.3,-3.45,0,6
3.947,1.011,10.029,3.82,1.03,6.622,5.603,3.545,3.757,4.112,0.499,0.57,1.058,81.6,-6.29,1,12
4.7,1.017,8.364,2.116,0.9,7.458,3.791,4.568,4.145,4.051,0.257,0.389,0.97,97.7,-8.1,0,5
3.421,0.942,9.521,4.077,1.063,6.973,4.392,3.442,4.939,3.977,0.473,0.379,1.06,62.7,-1.59,1,9
2.388,0.9,7.737,2.587,0.9,9.353,4.568,4.855,4.073,3.975,0.636,0.575,1.042,93.9,-0.29,1,13
2.867,0.9,8.219,4.724,1.112,10.239,5.867,4.194,3.904,2.793,0.539,0.774,1.101,75.6,-1.31,0,10
5.116,1.102,7.973,2.0,0.9,7.043,5.073,5.015,4.062,2.5,0.332,0.694,0.945,62.3,-6.02,1,6
5.677,1.12,11.158,4.265,1.014,8.39,5.352,4.797,4.305,2.574,0.376,0.575,0.889,62.7,-1.06,0,12
3.654,0.957,7.797,3.967,1.019,7.715,4.444,4.304,5.418,5.041,0.548,0.602,0.952,66.7,-2.54,0,7
6.5,1.216,10.479,4.237,1.076,8.001,3.484,3.212,3.795,3.576,0.624,0.407,1.08,66.8,11.65,0,3
4.66,1.057,9.672,2.0,0.9,8.376,4.937,4.052,3.197,3.788,0.482,0.379,0.924,73.0,3.27,0,12
3.538,1.006,10.764,3.19,0.922,8.938,3.21,4.89,4.888,3.473,0.2,0.46,0.931,66.5,3.45,1,6
5.402,1.141,10.587,2.61,0.9,8.569,3.849,3.296,2.702,5.124,0.557,0.375,1.005,97.3,2.37,0,10
3.187,0.9,8.783,6.15,1.167,7.962,4.472,4.681,3.221,3.907,0.2,0.545,0.993,81.2,11.91,1,6
2.099,0.9,9.394,5.12,1.059,6.479,4.449,5.059,3.198,3.106,0.542,0.502,1.144,81.1,2.43,1,8
3.256,0.9,6.149,4.436,1.06,10.627,4.288,4.289,3.957,4.707,0.557,0.785,0.896,79.0,-9.3,1,5
3.77,0.946,8.084,4.237,0.991,7.657,5.232,3.831,2.598,5.149,0.612,0.306,0.85,63.7,-4.74,1,11
2.769,0.9,7.823,4.163,1.035,5.781,4.117,3.555,3.932,3.906,0.43,0.505,1.083,99.2,5.38,1,8
4.479,1.079,8.158,4.015,1.05,8.199,3.62,4.918,2.859,3.268,0.436,0.332,0.991,51.8,14.17,1,12
6.105,1.174,6.936,3.971,0.982,8.395,3.536,3.545,3.337,4.358,0.672,0.355,1.066,54.4,1.08,0,7
3.14,0.9,9.326,3.884,0.995,8.775,3.0,5.167,3.786,2.748,0.749,0.485,0.864,69.9,-9.34,0,6
2.589,0.927,9.314,5.395,1.108,7.33,3.965,3.0,4.717,2.594,0.8,0.2,1.088,91.6,-4.59,1,9
4.07,1.045,8.236,5.157,1.123,6.549,4.962,4.078,2.836,4.927,0.2,0.468,0.943,57.0,2.6,1,5
3.653,0.987,8.498,4.344,1.02,10.691,4.038,4.428,4.699,4.606,0.301,0.546,1.046,87.3,-1.79,0,2
4.715,1.042,5.0,3.899,0.959,8.149,4.96,4.676,2.5,2.5,0.489,0.428,1.085,78.8,-4.42,0,7
3.506,0.953,7.239,2.0,0.9,8.805,3.0,4.366,3.712,3.353,0.729,0.2,0.982,75.5,-1.51,1,5
2.588,0.97,5.785,2.829,0.9,9.298,3.936,4.771,4.59,3.292,0.609,0.267,1.046,66.3,-12.53,0,4
4.449,0.979,6.132,3.239,0.917,5.664,3.81,5.216,3.755,4.439,0.645,0.416,1.09,76.3,-9.98,1,9
4.183,0.977,9.203,3.596,0.948,7.641,4.062,5.55,4.153,3.816,0.481,0.361,0.982,53.0,0.99,1,11
4.429,1.13,9.699,2.593,0.901,10.602,4.44,5.906,3.764,2.688,0.535,0.683,1.101,71.2,-1.29,1,6
4.756,1.052,9.615,4.176,1.024,7.594,3.851,4.484,3.27,3.462,0.42,0.285,1.055,66.9,-0.73,1,13
3.461,0.95,6.82,3.843,0.962,9.876,5.903,3.764,4.777,3.302,0.441,0.618,0.989,63.5,1.24,1,7
3.255,0.951,6.673,4.926,1.1,6.357,5.321,5.079,3.992,4.151,0.653,0.8,1.166,75.4,5.46,1,18
3.601,0.958,7.242,3.609,0.999,9.308,3.826,5.63,4.23,4.209,0.513,0.483,1.011,68.7,2.61,0,11
3.345,1.002,7.8,3.6,0.932,9.136,4.511,5.773,4.181,4.174,0.632,0.747,1.062,69.0,0.48,1,7
4.762,1.074,8.614,3.642,0.978,5.333,3.0,4.803,4.958,3.215,0.517,0.215,0.974,79.4,7.84,1,9
3.152,0.9,9.058,2.455,0.917,9.225,5.005,5.591,4.488,4.159,0.8,0.479,1.129,72.0,-6.88,1,16
5.142,1.099,8.224,4.595,0.985,10.461,5.045,5.128,3.681,3.674,0.415,0.604,0.93,45.0,-1.23,1,7
5.091,1.097,7.562,3.223,0.951,7.396,6.278,4.94,2.902,6.0,0.412,0.394,0.914,88.9,3.31,1,11
2.96,0.995,8.132,5.387,1.098,9.692,4.277,3.0,3.768,4.838,0.541,0.621,0.967,66.7,-5.72,1,9
5.877,1.164,10.219,5.003,1.016,9.191,4.91,3.926,4.273,3.802,0.227,0.512,1.036,77.9,0.19,0,8
4.981,1.087,10.17,2.475,0.9,8.755,4.863,3.818,2.98,5.004,0.611,0.272,0.947,75.1,1.95,1,7
3.887,0.998,5.08,5.121,1.046,10.143,3.905,3.568,3.681,3.958,0.387,0.489,1.011,79.2,-7.68,1,10
5.584,1.128,6.77,3.935,1.0,8.221,3.468,4.194,2.658,3.475,0.463,0.63,1.114,68.5,6.54,0,10
5.251,1.079,9.394,5.309,1.141,7.019,3.216,3.901,3.336,3.534,0.462,0.442,1.111,45.0,6.21,0,12
3.145,0.93,8.498,5.12,1.137,8.027,3.584,3.822,3.094,3.693,0.381,0.679,1.144,64.4,-1.08,0,4
4.679,1.103,7.291,6.154,1.215,9.38,5.736,5.218,4.618,5.182,0.635,0.426,0.956,86.8,-0.09,1,11
5.724,1.206,5.459,5.44,1.078,6.56,3.974,4.963,3.269,3.21,0.722,0.53,1.019,74.3,0.94,0,8
5.359,1.098,9.733,2.326,0.9,8.4,4.667,5.031,4.772,4.976,0.327,0.454,1.026,78.8,-2.41,0,8
4.608,1.003,6.083,3.386,0.953,5.977,4.949,3.651,3.571,3.768,0.57,0.529,1.017,74.3,10.19,1,13
5.688,1.126,6.975,3.243,0.921,7.856,3.865,4.968,3.855,3.782,0.604,0.536,0.952,63.1,4.84,0,9
3.235,0.989,7.088,5.017,1.144,7.996,6.451,4.615,4.443,3.123,0.698,0.553,0.934,87.2,-5.84,0,7
2.703,0.9,9.011,4.642,1.047,9.04,4.842,4.724,4.228,3.897,0.341,0.319,0.85,84.7,-4.6,0,8
5.449,1.173,8.402,3.725,0.96,7.629,4.647,4.292,4.335,4.057,0.228,0.595,0.85,58.0,-2.49,1,8
3.37,0.953,5.254,4.981,1.148,8.545,4.958,4.7,4.064,2.9,0.399,0.236,1.137,81.2,6.06,1,15
4.723,1.052,9.881,3.784,1.026,10.475,5.28,3.692,5.808,3.056,0.503,0.8,0.964,73.6,9.02,0,11
4.239,0.9,9.09,2.0,0.9,7.179,3.588,4.837,4.266,3.923,0.478,0.454,0.936,76.6,2.26,0,5
4.333,1.069,6.825,3.406,0.959,6.37,4.378,4.526,3.139,4.382,0.26,0.412,0.96,62.0,1.26,1,10
3.816,0.962,9.27,4.454,1.058,9.207,4.388,4.307,4.715,4.121,0.588,0.39,0.934,53.1,-8.11,0,7
3.25,0.9,8.491,3.229,0.949,8.82,3.927,3.985,5.073,4.317,0.54,0.448,1.028,64.5,0.08,0,11
3.802,0.931,7.583,3.191,0.992,9.014,3.673,5.404,4.769,3.724,0.391,0.402,1.083,73.0,-3.76,0,12
3.589,1.004,9.619,3.487,0.9,7.422,5.038,4.318,4.197,4.255,0.536,0.73,1.064,64.7,7.88,1,8
4.426,1.071,8.167,4.24,1.066,9.341,4.751,3.716,2.5,3.223,0.2,0.8,0.957,60.6,-2.79,1,12
4.158,0.925,9.6,6.5,1.192,10.843,5.827,4.867,3.523,5.162,0.429,0.352,0.917,70.2,-2.13,0,9
5.068,1.108,6.338,4.506,1.121,8.526,4.729,3.201,3.22,3.31,0.656,0.684,1.088,81.2,-6.98,0,8
2.0,0.9,9.404,6.5,1.237,7.524,4.592,3.783,4.087,4.107,0.493,0.484,1.03,98.1,0.67,1,10
2.937,0.928,5.0,4.999,1.123,6.121,3.878,5.548,4.502,3.498,0.525,0.43,0.996,63.9,-9.28,1,10
4.058,0.967,7.028,6.295,1.16,8.692,4.927,5.166,2.556,4.558,0.461,0.431,1.021,80.0,-6.73,1,14
3.937,0.957,6.53,2.624,0.9,9.424,3.3,4.345,4.166,3.129,0.411,0.391,0.85,73.8,12.44,1,9
3.204,0.9,5.0,3.712,0.995,8.473,4.799,3.687,3.308,4.117,0.69,0.402,0.903,58.3,10.49,1,4
3.039,0.9,9.463,2.637,0.9,9.939,4.8,4.462,5.052,3.829,0.465,0.636,1.02,81.3,-1.04,0,7
2.752,0.911,9.362,4.452,0.978,10.525,4.177,3.5,3.049,3.52,0.38,0.454,1.026,85.5,2.46,1,12
3.915,1.031,9.671,3.636,0.942,5.625,3.529,4.3,3.493,4.0,0.463,0.479,0.949,77.3,-0.26,0,7
5.141,1.106,8.058,3.518,0.993,6.924,5.656,5.176,3.124,4.773,0.371,0.367,0.959,66.1,-1.53,1,12
2.417,0.9,9.293,5.795,1.137,8.641,5.088,5.412,4.335,4.316,0.228,0.321,0.929,50.2,-8.66,1,13
3.477,0.959,6.226,3.226,0.909,10.012,5.297,3.778,2.855,3.838,0.681,0.681,0.963,72.0,-2.64,0,8
5.55,1.074,11.05,3.23,0.94,8.638,5.448,4.958,4.182,3.811,0.508,0.571,1.109,83.7,2.49,0,10
4.332,0.935,9.097,3.849,1.047,7.444,3.87,4.525,4.325,3.275,0.456,0.697,0.941,84.5,-5.62,1,8
5.67,1.255,9.632,4.077,1.012,7.643,3.0,5.103,2.702,6.0,0.48,0.317,0.85,66.3,8.27,0,10
5.632,1.143,10.249,5.826,1.1,7.38,4.469,4.291,4.232,2.966,0.305,0.507,1.059,59.0,6.21,1,13
4.63,1.005,10.654,4.159,1.019,9.518,3.265,5.43,2.895,3.61,0.536,0.435,1.083,61.9,2.04,0,14
3.459,0.92,8.049,3.096,0.9,7.192,4.581,3.845,4.318,4.384,0.669,0.547,0.945,88.0,-10.72,0,7
3.422,0.9,7.347,4.502,1.042,5.0,4.422,3.749,4.617,5.023,0.534,0.65,1.032,74.4,-4.54,0,14
3.574,0.91,9.692,2.736,0.9,10.161,5.531,3.487,4.468,4.04,0.425,0.737,0.967,89.5,14.61,0,3
4.019,0.95,10.379,4.294,1.023,8.449,4.923,4.646,5.028,3.46,0.38,0.495,1.008,63.9,5.58,0,4
3.755,0.967,7.92,3.613,0.936,8.579,3.984,5.279,3.629,3.839,0.597,0.609,1.025,65.9,10.73,1,8
3.701,0.9,9.317,4.546,1.185,6.112,3.626,4.786,2.973,3.095,0.53,0.597,0.991,66.0,-9.24,1,11
4.235,1.042,8.302,3.701,0.987,9.863,4.26,5.205,2.534,3.444,0.373,0.533,1.022,71.4,-1.46,0,9
3.471,0.971,9.185,5.623,1.189,9.366,5.737,4.222,3.155,3.037,0.254,0.537,0.969,71.8,-1.06,1,8
2.705,0.9,8.734,5.215,1.041,7.857,4.68,5.907,3.65,3.415,0.632,0.769,1.079,59.0,-2.7,1,12
4.511,0.992,8.415,5.057,1.105,8.627,4.694,3.565,2.5,3.342,0.56,0.43,0.85,60.7,-3.35,1,5
6.089,1.202,9.015,5.49,1.146,7.948,5.221,4.893,3.068,4.012,0.795,0.2,0.882,72.3,-5.33,1,8
2.784,0.923,9.584,5.749,1.163,10.934,4.52,5.103,3.401,4.862,0.687,0.339,1.001,86.8,1.07,1,9
5.138,1.16,6.296,2.633,0.918,10.393,4.929,3.0,4.5,4.111,0.368,0.58,0.966,69.2,-9.16,1,7
5.772,1.11,9.716,4.299,1.054,11.119,4.964,3.0,3.135,5.917,0.668,0.531,0.956,70.0,-2.98,0,6
2.066,0.9,8.713,4.418,0.997,7.346,4.705,5.583,5.583,5.324,0.496,0.583,0.913,87.8,6.16,0,6
3.096,0.929,9.166,3.029,0.9,8.85,4.537,3.625,3.838,2.809,0.73,0.282,1.047,64.9,12.24,0,12
4.582,1.014,7.141,4.537,1.041,8.755,4.862,4.127,3.525,4.878,0.44,0.274,1.028,56.8,2.47,1,10
5.985,1.196,9.17,4.472,0.997,7.828,3.334,3.62,4.541,4.907,0.671,0.46,0.85,83.1,4.17,0,12
2.728,0.961,6.481,3.427,0.978,7.941,4.178,3.727,2.5,3.385,0.618,0.526,1.031,92.4,-2.0,0,10
2.0,0.9,8.248,3.436,0.962,6.366,5.457,5.066,3.027,3.627,0.536,0.45,1.068,86.9,4.86,1,8
2.028,0.9,9.716,2.0,0.9,9.141,4.579,3.991,2.5,4.676,0.391,0.493,1.083,100.0,13.53,1,10
3.675,0.955,7.213,4.641,1.091,10.827,4.065,4.835,4.465,4.282,0.663,0.549,0.867,83.4,-11.7,0,10
4.294,1.038,11.047,4.967,1.129,7.771,3.906,4.364,4.308,5.47,0.593,0.508,1.193,45.0,3.27,1,13
3.383,0.989,8.059,4.242,1.028,8.026,3.721,3.73,3.868,5.161,0.339,0.625,0.943,84.3,9.81,1,9
4.04,0.963,5.781,2.774,0.907,8.152,4.308,3.627,3.824,4.958,0.508,0.453,1.119,66.9,1.57,0,6
4.351,0.995,7.326,3.631,0.958,9.093,5.008,4.843,4.394,3.684,0.442,0.613,1.032,75.4,0.56,1,6
3.309,0.9,7.42,3.423,0.949,10.139,4.652,5.563,5.213,2.705,0.492,0.417,0.929,96.6,1.27,1,4
3.591,0.906,7.151,6.465,1.243,9.089,4.28,3.0,3.738,4.247,0.601,0.637,0.953,62.1,1.25,1,1
2.877,0.9,8.776,2.232,0.9,10.996,5.407,6.253,4.534,4.648,0.524,0.429,0.954,76.0,-6.51,1,13
5.15,1.122,6.475,2.0,0.9,7.5,4.281,3.672,3.416,3.765,0.308,0.25,0.968,69.0,-0.42,1,6
3.62,0.968,6.483,3.419,0.964,7.899,4.391,6.089,4.139,5.322,0.51,0.289,1.02,69.8,-4.29,0,10
4.938,1.041,7.829,4.826,1.05,9.294,4.945,5.65,4.999,4.164,0.553,0.8,1.091,61.6,-1.69,0,14
4.866,1.067,6.143,5.178,1.115,8.362,4.954,3.28,5.15,4.321,0.403,0.633,1.001,73.9,1.01,1,5
4.547,1.038,8.125,4.514,1.055,8.079,5.242,5.225,3.06,4.67,0.45,0.433,1.061,57.2,3.95,0,5
3.987,1.053,8.59,3.446,0.9,7.654,4.651,4.175,3.874,5.789,0.46,0.629,1.2,79.2,-14.02,1,7
6.5,1.25,7.063,4.157,1.045,7.588,5.122,4.796,4.605,3.707,0.488,0.495,0.972,58.5,0.17,1,15
3.682,0.969,8.715,4.077,0.994,9.148,5.711,4.49,3.82,4.032,0.684,0.7,0.997,73.2,-5.22,0,9
3.553,1.006,8.88,4.949,0.999,9.313,5.569,3.975,3.496,5.136,0.206,0.706,0.959,81.6,1.78,1,8
3.13,0.939,6.062,2.843,0.951,9.566,3.214,3.96,2.939,5.277,0.648,0.246,0.88,65.9,-2.93,0,7
3.032,0.9,7.789,3.601,1.007,7.767,3.894,5.979,4.847,4.349,0.611,0.553,1.171,80.1,2.89,0,11
3.924,0.942,10.762,3.669,0.963,10.114,4.664,4.058,2.814,3.669,0.541,0.471,0.939,83.0,-2.32,1,8
2.304,0.9,8.348,4.975,1.091,12.201,3.473,3.59,3.557,3.742,0.461,0.8,0.866,57.5,1.08,1,5
3.563,0.994,9.419,6.222,1.186,6.336,4.529,4.674,4.344,4.081,0.377,0.247,1.051,66.8,-2.48,0,8
3.622,0.956,8.968,4.104,0.988,5.068,3.59,5.223,4.056,2.682,0.591,0.482,0.947,67.2,-0.86,1,14
4.274,1.035,7.433,4.381,1.056,8.987,5.625,4.49,4.464,4.169,0.542,0.697,0.967,72.0,0.98,0,14
4.994,1.106,6.231,6.5,1.169,7.318,4.741,4.938,4.797,4.845,0.602,0.401,1.122,84.1,0.23,0,18
4.511,1.028,8.172,2.582,0.914,8.363,3.17,4.469,4.238,3.029,0.2,0.498,0.96,84.5,-9.34,0,8
3.804,0.911,7.036,5.111,1.029,7.656,3.296,4.305,4.179,3.835,0.473,0.574,1.098,81.0,-2.51,1,8
3.552,0.989,5.616,4.565,1.079,10.664,4.444,4.898,3.181,2.5,0.525,0.558,0.986,76.5,7.72,1,7
3.422,0.971,7.342,4.44,1.007,9.822,5.504,4.932,3.449,5.586,0.382,0.634,1.125,61.1,3.9,0,13
4.824,1.063,10.336,5.593,1.221,7.051,4.288,4.747,2.903,4.056,0.248,0.353,0.969,79.3,10.65,0,11
3.508,0.919,11.057,3.407,0.985,7.378,5.536,4.003,5.314,2.595,0.682,0.566,1.015,61.0,9.82,1,11
2.0,0.9,9.352,4.786,1.039,12.686,4.051,4.793,3.466,5.04,0.408,0.461,0.949,68.1,-4.96,0,9
3.252,0.958,5.0,4.539,1.087,8.22,4.019,5.502,4.409,5.242,0.735,0.646,1.048,70.2,-0.11,0,5
4.423,1.175,9.43,3.521,0.993,7.792,4.612,3.0,3.52,4.622,0.504,0.57,0.917,87.9,2.86,1,10
4.107,1.02,7.945,4.486,1.038,12.477,4.79,3.255,6.0,3.284,0.512,0.595,0.994,96.2,-3.51,1,6
5.903,1.207,10.749,4.82,1.09,7.206,5.496,4.291,5.309,3.683,0.624,0.714,0.87,83.5,-0.73,0,9
3.994,1.008,6.604,5.196,1.071,9.964,5.228,4.52,3.729,5.204,0.556,0.367,0.886,64.2,6.85,0,10
5.763,1.149,9.034,3.304,0.96,9.654,3.197,4.803,2.606,4.826,0.653,0.596,1.023,76.5,3.87,0,10
4.329,1.065,9.59,4.412,1.006,7.372,3.118,4.185,4.054,3.034,0.543,0.348,1.096,62.0,-1.6,0,9
6.378,1.235,8.775,3.34,0.964,8.182,6.5,5.228,4.648,4.26,0.633,0.422,1.079,79.2,2.26,1,26
2.769,0.9,6.677,3.3,0.994,7.009,3.482,3.937,2.955,3.003,0.466,0.73,0.957,78.5,-15.0,0,10
3.188,0.9,6.562,4.225,1.075,5.369,4.818,3.943,4.309,4.468,0.483,0.498,1.2,73.3,-3.05,1,6
4.835,1.028,6.956,4.24,1.033,8.488,4.871,3.136,3.766,5.281,0.607,0.5,0.945,93.9,-1.64,0,14
4.616,1.053,6.185,5.732,1.182,9.387,5.626,4.59,3.33,3.852,0.557,0.2,1.001,98.8,3.21,1,15
3.86,0.9,8.69,4.805,1.067,5.361,5.023,5.518,3.31,3.741,0.606,0.723,1.029,53.0,2.16,1,11
5.409,1.089,8.916,5.76,1.206,7.839,4.571,4.925,4.727,4.055,0.493,0.656,1.129,65.5,6.67,0,10
2.274,0.9,9.006,4.117,1.001,9.969,3.345,4.69,3.509,4.231,0.671,0.712,1.027,77.7,10.76,1,13
3.553,0.913,11.88,4.813,1.085,9.984,4.656,4.314,5.319,3.938,0.464,0.523,0.932,73.4,4.46,0,9
3.147,0.966,9.849,3.955,1.013,8.337,4.238,4.872,5.041,4.561,0.532,0.647,1.139,84.1,-3.36,1,9
2.849,0.9,10.251,3.817,0.911,8.45,4.428,3.601,4.14,3.95,0.596,0.481,0.95,92.0,14.1,1,8
5.014,1.101,8.843,4.664,1.038,10.041,4.151,3.0,4.096,3.106,0.466,0.435,1.056,67.5,-6.04,1,7
4.008,1.013,5.561,4.277,1.049,10.614,4.574,5.413,4.077,2.754,0.608,0.372,0.979,63.1,-10.75,0,7
3.346,0.937,7.708,4.486,0.987,7.123,4.168,4.391,2.5,4.582,0.511,0.414,1.011,84.9,-2.59,1,8
5.774,1.188,6.684,2.48,0.9,9.376,4.32,4.161,3.284,2.598,0.597,0.574,1.095,84.7,-8.58,0,5
6.094,1.162,9.11,2.609,0.9,7.846,5.674,3.778,2.765,4.885,0.355,0.31,1.015,75.9,5.1,0,11
3.567,1.003,8.61,4.603,1.057,6.13,4.199,4.857,4.625,3.316,0.507,0.434,1.113,66.3,-9.44,0,11
3.562,0.988,6.536,2.0,0.9,9.51,3.301,4.167,2.819,2.5,0.487,0.2,0.932,75.7,11.0,1,4
3.979,0.989,7.798,5.119,1.061,8.763,3.824,4.391,3.37,3.49,0.558,0.572,0.991,65.5,0.8,0,10
4.841,1.088,7.339,2.749,0.93,7.303,3.705,3.76,3.501,5.257,0.297,0.8,1.102,73.8,-5.1,1,3
4.485,1.061,7.592,2.719,0.9,6.27,4.123,3.723,5.065,2.892,0.614,0.478,1.053,98.7,5.35,0,9
4.061,0.962,7.494,5.783,1.145,11.848,4.287,4.268,2.5,4.846,0.539,0.533,1.009,62.3,-8.77,0,7
4.969,1.077,9.261,5.254,1.184,10.826,5.109,3.172,3.43,3.804,0.673,0.416,1.008,87.1,-4.96,0,8
3.873,1.017,9.201,4.454,0.994,9.635,5.11,3.284,4.503,3.605,0.623,0.5,0.999,69.9,1.3,1,11
3.863,1.003,10.232,4.916,1.081,6.893,5.211,4.227,4.424,4.858,0.2,0.576,1.042,59.2,-8.87,0,9
4.354,1.054,7.846,5.183,1.112,9.297,3.957,4.804,5.369,3.801,0.228,0.631,0.982,87.7,1.44,0,12
5.834,1.174,9.141,4.483,1.022,8.896,4.797,3.436,4.49,3.127,0.588,0.696,1.144,82.1,0.73,1,21
3.779,1.064,7.029,6.5,1.198,9.897,4.272,4.777,3.37,5.829,0.612,0.696,1.054,71.6,-3.11,0,6
4.214,1.035,8.4,2.477,0.9,8.858,4.431,5.191,2.52,4.264,0.2,0.45,0.915,77.2,-6.93,0,7
2.289,0.9,8.348,4.485,1.0,7.636,6.5,5.234,4.203,4.556,0.561,0.581,1.05,69.9,-4.36,0,4
3.358,0.914,11.568,4.43,0.986,7.387,5.173,5.176,3.799,3.224,0.556,0.428,1.132,53.5,-6.08,0,10
4.428,1.049,8.466,2.246,0.9,9.217,4.758,4.993,3.199,4.578,0.502,0.614,1.183,81.1,-1.45,0,17
4.756,1.074,7.283,6.5,1.164,8.524,5.744,3.315,2.5,3.957,0.693,0.232,0.961,75.2,-9.52,0,8
4.623,1.091,10.007,6.067,1.154,10.354,5.184,4.828,4.283,3.903,0.363,0.69,0.943,76.5,-1.61,0,5
5.611,1.174,6.922,3.687,0.994,5.0,4.783,3.974,4.065,4.658,0.626,0.653,0.96,65.2,2.6,0,9
2.0,0.9,8.473,5.119,1.04,10.673,5.284,3.978,3.418,4.925,0.553,0.421,0.861,56.7,-6.36,0,14
4.576,1.062,7.276,4.982,1.002,9.55,3.57,5.676,3.609,2.5,0.52,0.651,1.092,71.2,2.12,1,8
5.202,1.117,6.1,4.151,0.945,7.343,5.461,3.436,5.149,3.314,0.266,0.235,0.892,80.1,2.42,0,7
3.932,0.9,6.418,4.494,1.013,9.509,4.727,3.346,3.171,4.699,0.518,0.5,1.067,45.0,2.49,0,6
2.87,1.042,9.005,2.0,0.9,7.965,5.137,6.471,2.5,3.703,0.458,0.477,1.124,61.0,1.65,1,9
5.313,1.035,8.912,5.274,1.069,9.915,5.215,3.314,3.585,3.884,0.386,0.553,1.017,71.7,7.15,0,9
2.981,0.961,8.49,3.566,0.928,7.731,6.5,3.925,2.863,4.34,0.774,0.525,1.078,80.0,1.98,1,8
2.866,0.9,9.416,3.647,1.052,6.337,5.575,4.703,4.09,3.789,0.544,0.631,0.989,83.6,-5.83,0,8
5.842,1.121,9.376,2.0,0.9,9.009,4.592,5.507,3.102,3.652,0.586,0.257,0.979,79.5,-0.45,1,11
3.631,1.0,10.851,4.936,1.123,8.926,5.122,4.837,4.582,4.713,0.486,0.532,0.946,60.2,-10.92,1,9
2.0,0.9,10.487,4.231,1.026,7.782,4.23,5.419,2.5,3.505,0.652,0.8,0.856,85.0,-1.4,1,6
5.559,1.15,10.52,3.719,0.942,10.595,4.961,4.854,3.884,3.37,0.491,0.63,0.998,86.3,-7.91,0,11
3.734,1.027,9.167,4.707,1.069,9.892,4.997,3.959,5.169,3.334,0.58,0.497,0.971,82.4,-2.05,0,10
4.478,1.055,7.964,3.684,0.979,8.655,4.466,4.924,4.041,3.496,0.393,0.394,1.034,69.6,3.19,0,14
3.854,0.981,10.836,2.721,0.9,7.951,3.46,4.837,3.081,5.234,0.306,0.471,1.03,71.7,1.92,1,8
5.506,1.138,8.354,3.701,0.982,7.491,4.755,4.298,3.385,4.285,0.527,0.359,1.178,73.1,7.44,1,10
6.5,1.185,9.093,2.86,0.9,9.374,4.742,4.457,4.428,3.806,0.674,0.578,1.116,76.4,4.13,1,8
4.567,1.04,11.407,5.342,1.098,8.941,3.723,6.489,2.602,5.469,0.492,0.569,1.022,68.8,-6.15,1,12
4.254,0.963,9.881,4.464,1.048,6.787,4.943,5.691,3.747,4.344,0.706,0.555,0.903,70.2,4.43,0,7
4.815,1.099,7.455,5.586,1.153,6.607,4.672,5.189,3.299,3.402,0.573,0.266,0.981,58.2,9.97,0,8
4.473,0.985,6.796,2.794,0.919,7.562,6.026,4.597,2.5,4.639,0.435,0.277,1.087,75.0,-3.3,1,9
4.839,1.04,9.332,6.145,1.193,6.947,4.664,4.154,4.753,5.15,0.726,0.44,1.009,65.3,4.94,0,10
4.33,1.083,10.167,3.595,0.932,6.824,3.907,5.306,4.323,4.052,0.465,0.383,0.986,77.8,-10.77,0,8
5.754,1.22,6.878,3.144,0.966,8.771,4.754,4.743,2.505,4.608,0.434,0.465,1.115,61.3,-0.8,1,9
3.017,0.924,9.757,2.892,0.9,9.745,4.751,6.2,4.623,4.287,0.528,0.412,0.906,78.5,-2.32,0,10
4.536,1.12,7.272,2.06,0.9,6.858,5.67,3.875,2.5,3.789,0.382,0.574,0.984,71.0,-6.07,1,5
3.402,0.928,7.287,4.674,1.045,9.883,4.269,4.191,5.254,3.42,0.592,0.321,0.998,77.2,-4.76,0,4
4.851,1.138,6.984,3.408,0.914,8.923,4.703,5.056,4.456,4.992,0.743,0.499,1.051,85.3,3.37,0,10
2.686,0.94,9.733,4.638,1.033,9.367,4.736,4.633,2.5,4.054,0.62,0.73,1.011,71.7,-7.1,0,8
2.501,0.916,10.191,2.0,0.9,8.859,5.076,3.176,2.5,3.319,0.301,0.55,0.939,56.2,-7.74,0,9
2.549,0.9,8.828,2.954,0.9,9.31,4.485,5.051,6.0,3.048,0.233,0.735,1.064,65.4,1.18,1,11
3.901,0.996,8.652,2.0,0.9,9.158,4.873,4.512,4.188,4.255,0.419,0.394,0.963,49.6,-4.8,1,6
5.55,1.097,8.979,3.634,0.908,8.012,4.897,4.969,5.176,3.273,0.474,0.424,0.982,65.6,-4.39,1,12
3.892,0.931,9.942,3.624,0.97,6.025,5.405,5.089,5.19,4.544,0.482,0.649,0.974,45.0,-7.56,0,7
6.5,1.254,6.844,5.459,1.164,7.915,5.706,4.0,3.137,3.878,0.286,0.562,0.983,62.9,3.29,1,11
3.798,1.011,8.161,4.25,0.979,7.61,4.811,4.995,5.373,3.821,0.308,0.49,0.953,77.4,3.83,0,10
2.575,0.9,8.772,3.192,0.94,9.594,5.239,4.273,4.796,3.582,0.488,0.591,0.976,75.9,-2.47,1,5
3.485,1.016,8.495,4.623,1.004,6.635,5.14,3.556,3.297,5.751,0.487,0.379,1.077,89.1,3.17,1,8
2.628,0.9,8.054,2.822,0.9,5.0,4.339,4.036,5.4,4.723,0.445,0.527,1.106,66.2,-6.13,0,6
4.932,1.12,5.437,4.179,1.02,10.738,5.005,5.561,3.564,4.399,0.368,0.437,0.944,66.5,1.3,1,2
4.453,1.083,11.152,4.513,0.988,6.204,4.025,4.019,3.577,4.291,0.652,0.23,0.85,48.0,-8.3,1,13
2.544,0.915,10.59,4.061,1.02,7.75,4.042,4.086,3.624,4.054,0.447,0.39,0.979,84.0,-4.45,1,15
4.342,0.995,7.604,3.677,0.949,6.916,3.744,4.796,4.423,4.159,0.614,0.491,1.135,74.5,-2.4,0,7
2.076,0.9,8.798,3.657,1.058,7.611,5.525,4.367,4.403,4.681,0.355,0.416,0.97,91.6,-9.7,0,7
2.842,0.9,6.526,4.852,1.091,7.525,5.032,4.424,2.629,3.945,0.415,0.509,0.853,50.4,4.65,1,9
2.631,0.9,6.792,4.641,1.154,10.365,4.406,4.246,3.96,3.136,0.463,0.368,1.105,76.5,-4.75,1,11
4.61,1.056,6.831,3.616,0.93,7.172,4.573,4.953,4.412,5.83,0.425,0.451,1.044,79.1,5.24,0,8
5.427,1.147,8.106,4.768,1.059,10.587,5.081,5.112,3.51,2.5,0.274,0.669,0.951,67.8,-1.18,0,9
3.815,0.989,10.094,3.169,1.003,9.365,4.558,5.582,3.478,5.065,0.468,0.38,1.041,46.6,-7.75,1,8
3.687,0.965,8.761,3.581,0.951,7.422,4.799,5.888,3.373,3.448,0.7,0.458,1.078,74.0,0.15,0,10
5.731,1.112,7.35,4.39,1.049,8.098,4.386,5.027,3.424,4.048,0.454,0.522,1.043,60.9,0.05,1,13
5.095,1.023,7.716,2.733,0.909,10.484,3.383,4.123,2.5,4.269,0.379,0.63,0.976,64.9,-3.36,0,7
4.936,1.026,6.856,5.634,1.187,8.925,5.657,5.298,4.323,3.2,0.538,0.427,1.09,68.2,-5.12,1,15
3.797,0.965,9.168,2.1,0.9,10.773,4.473,4.404,3.665,5.625,0.383,0.33,0.876,74.8,-4.59,0,9
4.66,1.061,8.536,2.62,0.9,8.209,4.724,5.207,3.395,2.982,0.405,0.68,0.959,85.4,-4.87,0,3
4.657,1.144,8.23,3.807,0.97,9.556,3.0,4.203,3.978,5.576,0.493,0.412,1.017,84.5,4.82,1,8
3.929,0.991,8.988,3.264,0.9,8.34,4.476,4.547,4.528,4.366,0.501,0.61,0.869,62.3,-1.55,0,5
3.391,0.926,7.477,5.365,1.158,11.052,3.402,3.907,4.369,4.671,0.703,0.55,0.931,47.2,-3.03,1,7
4.769,1.136,7.148,3.989,0.998,8.029,4.36,4.689,4.374,4.639,0.784,0.299,0.995,84.8,-9.17,1,5
3.166,0.944,5.967,2.845,0.952,8.669,3.75,3.305,3.026,3.105,0.478,0.651,0.967,83.1,-1.13,1,9
3.632,0.987,8.454,3.547,0.951,5.907,4.736,3.544,4.333,2.578,0.446,0.623,0.946,72.7,-11.46,0,10
3.529,0.963,8.368,4.471,1.047,7.384,4.374,3.0,4.412,3.614,0.53,0.71,1.038,79.0,8.53,1,14
2.869,0.955,5.927,3.532,0.936,9.437,5.097,6.117,3.939,3.3,0.344,0.52,0.987,63.8,3.7,1,15
3.515,0.99,7.573,5.653,1.148,9.805,4.661,4.46,3.756,5.384,0.516,0.454,1.042,52.3,5.1,1,9
4.943,1.068,10.142,4.035,1.002,8.375,3.0,5.233,3.363,3.344,0.558,0.662,0.998,55.0,-3.91,0,10
2.931,0.97,9.934,4.799,1.045,10.054,6.23,3.794,4.013,2.991,0.41,0.456,1.015,56.3,-4.01,1,10
4.796,1.061,7.565,3.342,0.942,7.373,5.323,5.317,4.175,4.053,0.311,0.307,0.903,56.1,11.74,1,17
3.342,0.921,5.897,5.908,1.26,6.235,3.936,5.54,2.699,5.414,0.51,0.485,0.947,65.8,-5.09,0,5
3.0,0.971,11.825,4.276,1.132,7.834,5.332,3.997,4.048,4.321,0.737,0.49,1.163,70.5,-6.85,0,11
3.799,0.981,5.101,5.252,1.058,9.768,3.52,3.782,4.0,4.339,0.738,0.209,0.995,87.9,-3.03,1,5
3.182,0.91,8.312,5.852,1.176,9.364,3.634,3.591,3.417,4.197,0.448,0.406,0.954,57.8,-2.03,1,5
3.878,1.045,6.359,5.027,1.086,8.202,5.48,3.922,3.676,3.771,0.319,0.688,0.975,79.7,-1.46,1,9
4.486,1.075,5.983,5.801,1.154,5.812,4.654,4.239,4.197,3.17,0.254,0.66,1.029,58.0,1.64,1,6
3.518,0.942,7.687,2.278,0.9,7.136,6.5,5.447,3.415,3.388,0.519,0.557,1.121,66.4,-0.15,1,7
4.141,0.986,11.753,2.0,0.9,9.931,4.409,3.973,3.946,5.019,0.424,0.345,1.015,76.8,2.93,1,6
4.774,1.054,9.167,4.989,1.087,7.645,3.584,4.013,4.498,4.614,0.49,0.263,1.123,57.7,3.37,0,10
3.645,1.006,6.961,6.5,1.241,7.896,4.642,4.644,3.798,3.75,0.407,0.68,1.018,82.2,-1.72,1,8
3.482,0.986,8.086,6.15,1.178,11.587,6.044,4.331,2.5,4.623,0.523,0.535,1.051,79.6,2.75,1,8
4.124,1.044,8.342,4.415,1.047,7.118,6.223,4.324,2.755,5.04,0.545,0.693,0.912,62.8,2.86,0,12
2.692,0.9,8.463,3.9,0.966,6.737,4.922,4.173,4.077,3.184,0.68,0.35,0.863,85.9,1.79,1,6
4.774,0.999,9.97,3.908,1.0,7.677,4.152,4.584,3.383,4.175,0.306,0.508,1.026,89.3,7.98,0,8
3.356,0.9,8.323,3.902,1.042,7.962,4.909,4.112,4.966,5.237,0.2,0.351,0.911,77.3,3.36,0,7
3.242,0.914,8.619,4.955,1.102,6.782,4.662,3.753,3.764,3.952,0.446,0.488,0.966,77.6,-2.72,0,11
4.697,1.147,10.507,6.121,1.117,9.002,4.032,4.181,4.827,4.747,0.626,0.644,0.96,74.3,1.69,1,8
4.032,0.991,5.83,6.326,1.248,6.816,4.051,5.07,6.0,5.531,0.391,0.642,1.044,82.4,-4.57,0,9
4.685,1.178,8.035,3.358,0.919,10.834,4.74,4.521,5.379,3.374,0.688,0.306,0.989,77.6,-6.63,1,8
3.037,1.0,8.51,5.236,1.065,8.579,3.963,4.031,3.919,2.5,0.403,0.531,0.865,65.0,-7.51,1,8
5.027,1.057,7.798,5.558,1.138,11.932,6.294,4.232,4.441,4.622,0.387,0.378,0.956,82.6,-6.9,1,7
4.056,1.062,7.897,4.358,1.047,11.412,4.555,4.292,6.0,3.67,0.581,0.716,1.018,73.1,0.15,1,6
2.89,0.9,6.594,4.422,1.017,9.31,5.776,4.632,4.483,3.893,0.285,0.301,0.968,81.2,-6.27,0,4
2.967,0.9,7.246,4.349,1.077,6.885,3.225,4.255,5.745,4.2,0.524,0.312,0.958,60.7,-4.97,0,8
2.499,0.9,8.363,2.0,0.9,5.537,4.048,3.858,4.255,4.739,0.544,0.649,0.913,60.6,-5.7,1,10
2.25,0.9,8.515,3.329,0.9,8.576,4.889,4.629,4.171,4.212,0.569,0.626,0.985,84.1,-5.25,0,7
4.204,1.019,8.445,6.5,1.18,5.374,4.431,3.304,4.205,5.563,0.553,0.303,0.957,65.3,-4.91,0,9
4.83,1.093,9.061,4.352,1.018,5.441,4.022,4.82,3.686,3.437,0.49,0.798,0.977,52.4,-1.09,0,11
3.705,0.999,10.323,4.994,1.164,5.551,5.526,4.822,4.691,5.31,0.532,0.673,0.996,66.1,-5.84,1,13
4.737,1.137,9.886,4.441,1.009,8.002,3.878,5.448,4.95,3.867,0.768,0.575,1.052,65.3,-2.83,0,12
4.962,1.055,6.176,5.353,1.115,9.418,4.184,3.84,3.425,3.979,0.401,0.474,1.165,73.5,2.17,1,10
3.076,0.919,8.894,4.812,1.104,8.171,3.946,4.685,3.301,3.897,0.45,0.395,1.03,60.2,-6.0,1,9
3.72,0.973,8.912,2.488,0.909,8.0,4.582,4.528,4.442,2.645,0.463,0.679,0.85,61.2,-11.69,0,5
3.098,0.96,9.613,3.703,0.982,6.761,4.382,4.431,3.845,4.813,0.532,0.577,1.035,65.4,6.12,1,8
4.923,1.109,10.733,2.216,0.9,9.894,6.008,5.527,5.137,4.014,0.391,0.498,1.041,71.4,-4.29,0,3
3.375,0.965,7.533,4.689,1.06,8.331,4.98,4.6,4.071,3.514,0.514,0.439,1.086,72.5,2.84,1,9
3.713,1.033,8.755,3.888,0.986,6.334,3.149,5.743,3.162,4.091,0.708,0.697,1.017,93.5,-4.05,1,8
4.265,1.047,7.175,6.5,1.183,8.941,3.211,5.819,3.875,2.871,0.414,0.73,1.046,51.8,-2.27,0,11
6.5,1.195,5.681,6.26,1.186,10.081,4.338,4.481,2.507,4.159,0.521,0.538,0.935,73.6,0.36,0,10
2.227,0.9,6.777,4.874,1.071,8.299,4.766,4.283,4.762,5.871,0.58,0.576,1.034,76.2,-0.45,1,13
3.069,0.911,7.722,3.834,0.998,9.358,4.532,5.276,6.0,4.392,0.733,0.487,1.024,84.9,-4.31,1,7
4.442,1.04,5.7,4.86,1.055,9.495,5.49,3.0,4.238,3.32,0.507,0.285,0.972,88.3,1.56,0,7
4.641,1.045,9.175,2.0,0.9,7.543,4.611,3.32,4.924,3.874,0.626,0.466,0.874,51.1,0.92,0,7
3.305,0.927,7.952,3.471,0.968,8.32,4.957,4.442,2.5,4.207,0.681,0.596,0.964,78.3,-2.28,1,6
6.5,1.131,7.011,3.989,0.989,7.671,5.087,3.51,4.367,4.506,0.562,0.482,1.087,64.7,-3.3,1,10
4.064,1.044,8.176,3.198,0.904,5.454,4.883,5.053,2.655,5.196,0.586,0.654,1.1,61.7,0.42,1,16
5.741,1.079,7.314,2.0,0.9,7.919,4.339,4.191,4.071,3.665,0.633,0.467,1.075,70.3,8.91,0,8
6.5,1.256,9.167,5.416,1.098,8.004,5.351,3.0,2.88,3.367,0.216,0.435,0.977,79.5,5.14,1,8
3.668,0.981,12.009,3.617,0.909,10.678,5.286,3.659,4.011,4.25,0.458,0.348,0.976,64.9,0.79,1,13
2.369,0.9,7.198,4.769,1.033,11.027,3.873,3.781,3.174,4.827,0.572,0.694,0.873,84.4,-5.85,0,3
5.298,1.155,10.002,2.107,0.9,6.306,6.053,5.026,2.576,4.205,0.393,0.376,1.02,78.2,2.0,1,6
4.463,1.03,9.751,3.221,0.922,6.215,5.553,4.306,3.939,3.404,0.221,0.739,1.021,66.2,-7.19,0,11
3.86,1.034,9.904,4.772,1.077,6.889,3.413,4.281,2.945,4.351,0.406,0.729,1.192,45.0,-8.99,1,11
4.598,1.025,7.226,4.983,1.091,5.774,6.122,3.422,5.289,3.77,0.473,0.685,0.993,64.8,4.2,1,6
3.551,1.021,9.162,4.422,0.971,6.226,3.566,3.769,2.661,5.432,0.641,0.577,0.937,48.8,12.35,1,14
3.453,0.955,8.594,2.0,0.9,6.238,4.955,5.175,4.255,2.5,0.682,0.373,0.87,85.0,-14.27,1,6
3.416,0.976,9.345,5.243,1.137,8.944,4.671,4.028,4.581,4.836,0.477,0.371,1.042,80.8,-1.7,1,13
2.837,0.9,8.553,5.406,1.079,11.238,5.125,3.0,3.908,4.08,0.696,0.608,1.024,66.7,-3.01,1,7
2.045,0.9,11.967,6.5,1.232,5.62,3.605,5.437,4.854,3.148,0.422,0.237,0.996,66.2,1.51,1,7
2.828,0.9,7.015,3.306,0.9,9.158,4.09,3.0,3.333,4.906,0.293,0.362,1.041,79.6,-7.11,0,10
2.914,0.9,5.894,3.252,0.951,8.002,4.157,3.268,3.604,3.378,0.545,0.36,0.85,70.3,-8.13,1,3
3.069,0.93,9.925,2.357,0.9,8.576,5.076,3.807,4.196,4.59,0.748,0.545,0.981,64.7,4.24,0,8
4.538,1.036,8.696,4.032,1.026,10.898,4.278,4.8,3.811,2.5,0.697,0.555,0.996,87.4,9.0,1,7
4.012,1.06,10.184,4.138,1.034,9.161,4.958,5.12,4.883,4.954,0.667,0.479,1.084,57.6,-7.22,1,10
3.771,0.94,9.408,3.437,0.911,7.039,5.411,4.72,4.612,3.531,0.596,0.791,1.06,69.9,-2.22,0,12
2.902,0.905,6.249,2.188,0.9,9.049,3.941,4.567,4.688,3.371,0.611,0.299,1.065,61.3,8.52,0,8
2.732,0.9,7.044,2.0,0.9,8.359,3.642,5.505,3.293,2.857,0.477,0.581,1.042,66.7,3.18,1,3
3.426,1.024,10.2,4.975,1.049,6.204,4.214,4.353,4.298,3.507,0.589,0.345,0.948,76.0,3.03,0,7
2.714,0.9,5.0,2.528,0.9,9.406,4.676,4.963,4.54,2.686,0.469,0.392,0.867,67.3,10.75,0,6
2.608,0.9,9.558,4.224,0.963,10.13,4.999,6.279,2.892,3.507,0.332,0.541,1.04,60.9,-1.47,0,8
4.257,1.047,8.03,3.862,0.996,7.963,4.948,4.691,3.288,4.188,0.454,0.377,0.91,48.2,-1.56,1,10
2.862,0.9,7.699,2.172,0.9,8.746,4.188,5.801,5.31,2.5,0.699,0.533,1.003,65.4,-2.65,1,10
3.668,0.957,7.93,3.535,0.971,6.82,5.537,3.7,4.44,3.783,0.747,0.393,1.088,72.2,1.03,1,12
4.352,1.093,8.761,4.323,1.015,8.796,3.696,4.806,4.377,3.917,0.39,0.691,1.075,62.1,-5.59,1,10
4.738,1.007,9.299,5.863,1.165,6.799,3.64,5.349,2.5,4.188,0.37,0.618,1.035,62.3,6.95,1,5
4.475,1.009,8.467,3.755,0.976,7.325,6.131,4.14,3.403,4.931,0.732,0.372,1.03,65.7,5.99,1,12
2.114,0.9,12.064,5.336,1.132,10.617,3.893,3.713,3.469,3.549,0.55,0.711,1.063,84.4,9.05,1,10
5.958,1.252,7.51,3.762,1.031,5.99,3.806,3.275,4.952,4.664,0.718,0.369,0.939,73.9,-3.87,0,7
4.549,1.006,6.87,4.061,1.041,5.517,5.016,3.569,3.239,2.5,0.459,0.539,0.972,54.7,-3.05,1,8
4.349,1.09,9.299,4.071,1.038,10.322,3.784,4.21,5.418,3.757,0.211,0.445,0.85,72.9,-4.94,1,7
4.021,1.05,8.09,2.316,0.9,9.525,4.026,3.499,4.494,3.806,0.524,0.259,0.85,78.7,-0.65,1,6
2.895,0.9,9.234,3.321,0.9,8.39,4.684,4.142,4.007,4.497,0.769,0.721,0.892,56.4,2.13,1,10
4.112,0.971,8.648,3.249,0.919,8.976,3.87,3.642,2.501,4.25,0.625,0.258,0.896,69.3,-1.56,0,7
4.756,1.076,7.558,3.576,0.902,8.166,3.556,4.568,3.249,5.105,0.276,0.574,0.969,69.8,-2.48,0,7
5.53,1.135,7.28,2.0,0.9,8.986,5.848,3.78,2.919,4.862,0.763,0.399,0.946,57.8,8.01,1,7
4.526,1.001,7.851,3.937,0.956,7.072,4.969,5.234,4.414,5.557,0.484,0.489,1.015,67.9,-3.12,1,10
4.662,1.123,9.101,3.106,0.92,11.046,4.754,4.773,3.773,3.191,0.257,0.585,1.017,73.8,4.54,0,9
3.926,1.006,9.279,3.944,1.03,10.172,4.603,5.065,4.513,4.194,0.291,0.468,0.974,64.0,-1.99,0,6
3.54,0.978,6.719,4.714,1.121,5.773,4.334,3.474,5.321,4.161,0.485,0.634,1.16,76.3,15.0,0,8
5.232,1.099,9.337,2.682,0.926,12.046,4.16,4.978,4.179,4.734,0.411,0.559,0.978,72.2,-0.38,0,7
4.311,1.017,7.886,4.498,1.017,7.846,4.202,4.23,4.522,4.695,0.557,0.266,1.026,58.0,-11.29,0,7
4.138,1.029,7.147,4.019,0.989,6.854,4.178,4.478,5.015,3.596,0.621,0.356,0.991,69.1,9.7,0,9
3.898,1.01,9.573,5.835,1.162,9.399,5.73,4.582,3.752,4.149,0.431,0.465,1.079,83.1,4.23,0,12
4.486,1.085,5.947,4.05,1.029,10.094,3.061,3.848,3.394,4.273,0.435,0.713,1.063,87.7,-4.07,0,9
2.0,0.9,7.736,3.73,0.994,8.293,3.262,6.5,3.177,5.114,0.389,0.567,0.866,45.0,4.67,1,7
5.612,1.109,8.085,3.567,1.043,9.519,4.242,4.231,2.65,4.829,0.348,0.544,0.976,83.0,-0.47,1,5
3.357,0.945,8.922,4.636,1.108,8.391,3.0,3.458,4.762,4.014,0.609,0.358,1.002,72.2,5.42,1,7
4.719,1.102,8.379,3.118,0.919,8.311,5.476,4.189,5.07,4.006,0.691,0.677,0.965,59.8,-9.22,0,10
4.142,1.061,6.68,2.3,0.9,10.226,5.29,4.989,5.703,3.54,0.527,0.736,1.035,79.4,4.74,0,14
2.724,0.92,6.232,4.538,1.036,10.774,5.039,5.639,3.571,3.593,0.597,0.59,0.964,62.5,-4.77,1,9
3.881,0.977,7.814,4.244,0.923,7.406,4.699,4.884,4.576,4.531,0.367,0.63,0.996,83.9,2.44,1,8
3.271,0.999,8.246,5.609,1.168,7.036,5.156,3.184,3.905,3.136,0.435,0.424,0.982,88.1,-8.16,1,7
3.133,0.947,9.167,2.299,0.9,6.096,3.0,3.787,3.372,4.972,0.4,0.46,0.984,62.9,-2.01,1,4
5.705,1.165,7.742,5.304,1.121,8.111,4.682,4.091,3.272,3.588,0.403,0.247,0.982,65.4,-8.16,1,7
5.67,1.083,6.127,4.439,1.034,8.143,3.261,4.665,5.459,3.799,0.479,0.365,0.983,67.1,0.14,0,6
4.183,0.964,6.539,3.767,0.994,9.662,4.124,3.0,3.653,3.003,0.418,0.314,0.998,63.4,7.53,1,6
6.043,1.16,8.833,3.42,0.965,8.364,4.553,4.066,4.169,5.125,0.395,0.423,0.971,72.9,4.83,1,7
2.722,0.93,9.454,4.613,1.052,9.684,4.193,4.747,4.334,4.284,0.591,0.535,1.051,79.9,4.92,0,9
3.689,0.988,7.478,5.536,1.062,7.61,5.984,6.161,4.367,4.814,0.67,0.454,0.86,96.8,14.58,0,15
5.609,1.158,9.412,4.804,1.118,7.372,5.385,5.217,5.336,4.045,0.64,0.38,0.972,71.4,0.23,1,7
2.581,0.9,7.394,2.909,0.947,8.653,4.642,5.041,3.314,4.648,0.505,0.639,0.977,72.2,-7.06,1,7
3.229,0.903,6.487,3.943,1.001,11.399,5.683,4.305,4.443,3.26,0.525,0.648,0.937,59.2,3.52,1,8
3.581,0.963,7.793,5.831,1.177,8.421,5.663,3.473,3.866,3.515,0.591,0.329,1.026,74.0,-1.89,0,9
3.797,0.918,7.808,2.085,0.9,8.423,4.885,4.876,3.717,4.135,0.54,0.493,1.149,89.6,4.56,0,9
3.322,0.98,9.772,5.089,1.074,6.143,3.612,3.539,4.482,2.601,0.456,0.8,0.911,78.2,-1.97,1,6
3.661,0.935,10.29,5.492,1.12,7.816,4.189,5.188,2.5,3.759,0.431,0.567,0.938,77.7,-10.25,1,6
3.675,1.006,10.252,3.41,1.042,8.188,3.379,3.0,2.785,5.612,0.369,0.541,1.113,73.9,4.32,0,6
2.657,0.934,8.641,5.51,1.057,9.852,4.232,3.71,4.715,3.772,0.465,0.317,0.996,70.5,-5.78,0,7
3.781,1.0,6.523,3.468,0.944,9.505,4.895,4.368,3.966,4.786,0.664,0.509,0.909,65.6,2.46,0,9
3.974,1.029,8.642,6.23,1.188,7.161,5.383,4.667,4.209,3.101,0.395,0.75,1.155,62.6,1.58,0,12
4.355,0.995,6.72,6.154,1.234,11.262,4.807,5.009,4.775,3.758,0.662,0.425,0.921,87.0,-1.41,0,14
2.092,0.9,7.047,2.643,0.9,7.064,4.62,3.499,4.628,5.075,0.526,0.285,1.103,50.0,6.67,0,9
3.745,0.924,13.0,4.733,1.05,8.343,4.793,4.075,4.318,4.534,0.612,0.597,0.85,61.8,-0.54,1,3
4.188,0.99,10.193,4.744,1.099,8.988,5.05,3.49,3.888,5.453,0.55,0.672,1.2,56.3,2.97,1,11
5.388,1.181,9.407,5.893,1.144,6.921,3.926,4.494,3.825,3.938,0.402,0.549,0.991,54.6,-2.21,0,11
2.49,0.9,7.501,4.677,1.032,7.836,3.607,4.937,2.947,4.225,0.397,0.477,0.863,77.8,7.98,1,5
2.505,0.9,6.977,6.088,1.235,8.169,5.371,3.894,3.869,3.947,0.517,0.544,0.955,78.5,-0.1,1,6
4.746,1.126,9.68,3.628,0.901,10.473,5.514,5.053,2.951,2.784,0.401,0.29,0.886,59.9,-10.32,1,13
4.375,1.015,7.323,4.326,1.023,6.954,5.283,4.98,3.617,4.382,0.367,0.444,0.983,45.6,3.82,1,12
3.872,0.989,8.786,3.165,0.9,7.051,4.777,4.05,4.883,3.122,0.558,0.485,1.142,59.9,-6.06,1,8
3.692,0.945,8.07,5.641,1.135,11.251,4.246,5.0,3.651,5.276,0.356,0.324,1.022,73.6,-9.47,0,6
3.938,1.018,7.869,6.148,1.174,10.611,3.691,4.538,3.611,3.344,0.364,0.711,0.911,70.1,0.34,1,10
3.567,0.982,8.945,3.13,0.935,8.927,5.325,3.843,4.506,4.85,0.706,0.352,1.158,62.2,-1.24,1,6
6.086,1.133,8.508,2.062,0.9,8.283,4.898,4.158,3.827,2.5,0.544,0.46,0.952,79.4,2.27,1,11
2.635,0.9,9.412,3.654,0.97,9.036,4.016,5.233,3.344,4.484,0.273,0.44,1.119,81.0,-4.0,1,9
4.7,1.048,12.218,2.288,0.9,8.657,4.133,4.191,4.618,4.408,0.541,0.591,1.022,84.3,15.0,0,6
4.152,1.026,10.255,5.52,1.127,6.92,3.807,4.698,3.453,5.168,0.473,0.478,0.942,71.0,-1.7,1,9
3.419,0.91,5.0,2.013,0.9,5.179,5.892,4.542,3.276,5.058,0.361,0.663,1.097,64.3,-3.99,1,4
2.355,0.908,9.481,3.661,0.968,7.804,4.74,4.09,4.298,3.775,0.519,0.221,1.104,71.7,-5.22,1,9
5.488,1.095,8.053,5.385,1.154,8.805,5.481,4.758,4.842,4.644,0.473,0.38,0.984,78.7,-9.73,1,14
6.33,1.136,6.803,3.821,1.034,7.346,4.928,4.249,3.382,4.782,0.288,0.49,1.087,80.9,-3.57,1,4
2.0,0.9,9.079,4.802,1.146,8.651,4.542,4.402,5.194,3.104,0.621,0.501,0.962,57.7,2.7,1,12
5.027,1.085,8.266,4.674,1.102,6.481,6.176,4.317,3.41,3.573,0.616,0.352,0.85,71.9,-4.81,1,9
6.07,1.174,6.137,3.598,0.928,6.767,3.098,5.224,4.269,3.046,0.433,0.579,0.962,70.1,6.77,1,8
3.201,0.944,6.933,2.744,0.9,9.743,3.61,5.58,5.474,4.696,0.295,0.434,0.966,85.9,-2.53,1,10
2.698,0.9,7.467,3.931,1.038,9.403,4.153,4.464,4.079,4.475,0.398,0.406,1.098,78.9,-8.28,1,8
5.068,1.113,9.885,4.063,1.031,5.0,4.625,3.617,4.191,4.469,0.375,0.461,0.949,81.3,2.15,1,10
3.559,0.972,7.756,6.278,1.145,7.068,4.318,5.927,2.953,3.336,0.541,0.295,1.153,67.5,-3.32,1,11
4.405,1.048,9.993,3.473,0.94,7.59,3.0,5.56,3.701,2.704,0.454,0.431,0.976,55.5,-8.89,0,6
2.0,0.9,6.029,4.047,1.033,11.245,4.102,5.985,2.867,3.489,0.522,0.616,0.92,49.6,2.12,1,10
5.425,1.183,9.717,4.791,1.085,7.861,3.0,3.266,5.305,3.361,0.494,0.786,0.902,62.3,2.58,0,6
3.704,0.948,10.002,4.99,1.059,7.065,4.971,4.811,3.412,5.077,0.487,0.301,0.869,90.9,12.05,0,9
3.262,0.911,8.995,2.0,0.9,6.582,4.713,4.67,3.999,3.581,0.541,0.617,0.911,61.3,-5.46,0,4
3.225,0.903,8.452,3.685,0.973,7.521,3.871,4.729,3.722,4.354,0.739,0.479,0.945,73.3,2.46,1,11
5.369,1.129,5.0,4.627,1.022,7.797,3.0,4.408,3.783,3.912,0.433,0.481,0.855,73.3,-2.89,0,9
5.952,1.181,6.967,3.112,0.921,10.716,4.841,3.994,3.803,2.899,0.473,0.333,0.914,59.9,-3.98,0,4
4.123,1.037,9.319,5.711,1.162,9.765,4.602,5.428,4.668,3.853,0.5,0.451,0.979,82.5,-3.67,1,10
3.419,0.915,8.05,3.436,0.918,9.757,3.953,5.123,4.379,4.257,0.515,0.366,1.151,78.2,1.44,0,11
6.372,1.18,8.054,3.416,0.932,7.103,4.606,5.942,3.517,3.223,0.682,0.468,0.923,90.4,-10.33,1,8
3.452,0.941,5.98,5.147,1.098,10.148,3.623,4.758,3.783,4.016,0.481,0.254,0.999,76.7,-0.45,1,4
4.382,0.983,9.208,4.358,1.038,6.86,4.783,4.094,4.804,4.548,0.359,0.588,0.954,76.1,4.79,1,10
5.461,1.155,10.445,5.965,1.159,6.244,3.605,3.812,3.859,3.029,0.428,0.476,0.929,75.8,2.35,0,6
4.157,1.035,8.835,3.89,0.971,8.296,6.285,3.82,3.55,5.495,0.549,0.437,0.936,71.2,-2.93,0,5
4.546,1.093,9.922,3.429,0.981,8.802,4.114,3.807,4.029,3.634,0.682,0.475,1.0,74.6,-5.72,0,6
2.585,0.922,7.427,2.0,0.9,9.718,3.763,4.271,2.5,4.499,0.787,0.664,0.98,48.7,3.61,0,6
3.632,0.91,8.984,2.694,0.9,9.521,5.42,4.838,4.415,2.705,0.524,0.512,1.139,89.8,5.46,1,10
3.278,0.921,6.652,3.565,0.976,7.258,4.802,3.22,4.49,2.5,0.608,0.777,0.962,96.4,-5.38,0,9
5.06,1.029,6.95,5.696,1.177,8.021,5.329,4.096,4.795,3.466,0.418,0.611,1.001,69.8,-8.32,1,6
2.589,0.9,8.229,5.069,1.079,7.253,3.129,3.688,4.703,4.527,0.511,0.692,0.916,78.1,8.51,1,4
2.203,0.9,8.974,4.584,1.055,8.08,6.5,4.625,4.137,3.837,0.427,0.501,1.037,76.1,7.47,1,7
3.082,0.968,8.147,3.204,0.946,9.137,5.61,4.639,5.145,4.056,0.249,0.407,1.038,66.8,-6.53,0,7
4.568,1.053,8.491,3.568,0.975,8.589,3.92,3.731,6.0,3.439,0.355,0.573,0.952,73.1,9.18,1,7
3.558,0.948,6.43,4.648,1.109,8.318,5.625,4.296,3.664,3.488,0.596,0.676,0.877,67.4,2.97,0,10
5.246,1.048,7.027,4.49,1.011,11.521,4.198,4.931,2.5,3.875,0.715,0.277,1.006,61.3,1.39,1,9
5.816,1.104,10.866,4.167,1.027,6.399,4.791,4.415,3.247,4.06,0.639,0.418,0.988,65.8,7.94,0,3
4.421,1.022,8.251,2.0,0.9,10.618,4.414,4.257,3.758,5.125,0.719,0.501,1.035,81.9,-1.36,0,10
2.079,0.9,7.557,3.656,0.937,8.975,5.288,4.355,5.021,4.032,0.739,0.747,0.997,71.8,15.0,1,9
3.45,1.023,10.52,3.718,1.055,10.187,5.183,5.324,5.483,3.744,0.524,0.8,1.088,76.9,-10.49,0,5
4.705,1.133,8.012,4.585,1.062,8.916,3.64,5.017,5.316,4.106,0.8,0.6,0.919,68.6,6.21,1,9
4.36,1.055,9.385,4.71,1.08,5.787,5.349,4.97,4.739,4.551,0.357,0.489,1.081,95.7,-0.07,1,7
3.035,0.926,9.849,3.866,0.935,5.809,5.313,4.606,3.238,4.184,0.479,0.5,1.106,63.6,1.36,0,3
4.581,1.104,9.049,3.37,1.014,9.493,3.706,4.104,5.314,3.872,0.645,0.369,0.874,67.9,-7.73,0,11
5.356,1.167,8.529,3.348,0.939,6.962,4.312,3.0,4.119,4.155,0.504,0.482,1.028,100.0,6.86,0,3
4.0,0.97,8.359,4.354,1.02,9.102,3.756,5.196,4.074,4.427,0.288,0.307,0.975,59.9,7.63,0,10
3.123,0.902,7.171,3.086,0.9,5.559,4.284,5.074,3.621,5.396,0.357,0.546,1.195,86.8,-2.26,0,11
5.46,1.164,6.846,4.364,1.013,6.847,3.963,3.597,3.728,5.834,0.483,0.613,1.011,72.8,-0.24,0,13
4.042,1.019,9.433,6.5,1.207,9.298,4.788,6.5,2.885,3.153,0.469,0.596,0.85,64.0,11.59,1,9
4.91,1.123,8.729,2.5,0.9,5.0,4.484,3.147,2.958,4.22,0.536,0.433,0.94,75.4,-8.99,1,9
3.417,0.9,8.26,3.987,0.989,11.195,3.0,3.0,4.074,3.634,0.786,0.593,0.85,65.1,15.0,1,6
5.608,1.118,8.865,3.646,1.009,9.41,4.615,3.421,4.025,4.296,0.61,0.637,1.008,79.0,0.66,1,12
2.918,0.924,8.019,4.485,1.059,7.708,3.0,3.777,4.056,4.352,0.8,0.585,0.995,70.6,7.31,0,7
4.48,0.993,7.036,3.814,0.94,7.872,5.217,4.629,3.548,4.675,0.398,0.576,0.982,88.9,-4.59,1,5
5.679,1.171,9.568,3.5,0.958,5.0,3.679,4.294,6.0,3.464,0.441,0.465,0.978,70.1,5.69,1,4
3.916,0.987,11.329,6.03,1.204,9.212,4.516,3.0,4.425,4.178,0.342,0.623,0.894,89.2,-1.59,1,10
2.886,0.9,9.055,2.0,0.9,8.024,4.859,4.591,3.132,3.256,0.566,0.463,1.114,83.2,1.58,1,8
6.024,1.216,9.863,2.991,0.918,5.346,4.584,4.468,4.809,4.645,0.351,0.478,0.955,77.5,-7.78,1,7
6.038,1.183,9.911,3.276,0.9,7.51,4.932,3.963,3.186,5.135,0.406,0.307,0.972,68.8,-9.39,0,6
4.612,1.029,8.281,3.646,0.953,7.003,3.715,4.24,2.59,5.059,0.743,0.366,0.966,54.0,-4.24,0,7
4.507,1.1,10.059,3.213,0.9,8.949,5.503,4.604,4.307,3.758,0.658,0.5,0.96,71.9,5.95,0,11
2.842,0.9,12.479,2.46,0.9,8.605,4.848,6.254,4.78,3.295,0.609,0.504,0.922,77.4,-0.04,1,5
4.807,1.071,9.038,3.929,1.056,10.282,5.159,4.631,3.829,3.779,0.338,0.462,1.085,71.1,0.33,1,10
2.0,0.9,10.506,3.938,0.967,9.209,5.241,4.565,5.272,3.495,0.65,0.482,1.001,74.5,-6.26,0,6
3.82,1.008,6.809,3.204,0.911,5.971,4.627,4.955,3.957,5.609,0.597,0.53,1.095,72.7,-13.73,1,9
4.983,1.147,8.538,5.287,1.074,10.836,4.745,4.458,3.379,4.347,0.594,0.623,0.944,83.0,-8.78,1,11
3.955,0.943,8.26,3.92,1.025,8.322,3.0,5.632,3.934,3.136,0.65,0.555,0.968,72.7,5.73,0,10
2.747,0.93,7.359,6.075,1.175,10.695,3.798,3.509,4.091,3.427,0.658,0.379,1.143,85.0,-2.82,1,11
6.121,1.199,10.381,4.556,1.092,5.0,4.863,3.437,4.01,2.79,0.559,0.33,0.949,69.4,3.01,1,10
3.905,0.996,8.293,3.383,0.932,9.142,4.262,5.171,6.0,4.577,0.651,0.342,0.977,89.0,3.27,0,10
4.015,0.918,7.309,3.402,0.9,8.333,4.105,5.475,4.502,4.744,0.36,0.476,0.937,66.5,-2.85,1,8
4.022,0.96,8.347,5.266,1.158,8.319,6.147,5.632,3.139,4.637,0.44,0.525,1.096,79.5,2.01,1,16
3.049,0.908,8.341,5.695,1.15,7.559,5.299,4.396,3.667,5.055,0.307,0.402,1.025,78.1,6.92,1,9
3.374,0.916,7.097,6.5,1.2,5.987,3.808,5.174,4.589,4.915,0.416,0.66,1.031,75.5,5.54,1,10
5.751,1.152,11.918,4.431,1.062,8.291,4.417,4.416,4.435,3.784,0.658,0.58,1.13,45.0,-0.22,1,11
3.102,0.932,7.775,3.663,0.963,6.97,3.803,4.478,3.07,4.033,0.367,0.398,0.896,80.1,1.97,1,8
4.549,1.049,9.754,3.184,0.9,6.411,3.783,3.709,4.132,5.272,0.432,0.412,0.918,67.6,9.92,1,7
4.371,0.935,7.541,3.621,0.96,7.256,4.096,3.909,4.242,5.698,0.221,0.482,1.057,68.2,3.43,0,10
3.379,0.92,7.773,3.134,0.958,9.845,4.919,3.0,2.883,4.605,0.562,0.657,1.049,81.0,-3.54,1,10
3.819,1.006,9.702,3.437,0.97,8.343,3.597,5.56,3.818,3.53,0.403,0.43,0.899,89.4,-2.51,0,10
3.361,1.037,8.323,2.694,0.915,6.559,5.804,4.394,3.996,3.303,0.269,0.645,0.974,58.5,-3.23,0,9
5.176,1.039,7.801,3.23,0.9,8.979,6.5,4.145,4.406,4.855,0.541,0.609,0.953,45.4,2.66,0,14
4.504,1.012,10.319,4.696,1.015,7.482,3.901,5.093,3.552,2.874,0.532,0.566,0.988,88.7,-5.96,0,7
3.808,0.999,6.963,3.66,1.006,7.102,3.806,4.23,4.815,4.378,0.577,0.501,1.146,65.5,-9.37,1,6
3.994,0.971,8.406,3.523,0.9,10.716,4.54,4.493,3.368,3.178,0.565,0.31,1.082,60.2,-3.37,0,8
2.0,0.9,9.28,5.175,1.096,5.0,4.173,4.118,4.558,4.632,0.348,0.635,1.071,62.9,-0.24,0,10
5.179,1.135,6.07,3.477,0.961,9.282,4.681,4.455,4.113,4.107,0.2,0.406,0.959,73.8,-12.67,0,11
3.26,0.999,9.985,5.217,1.16,10.588,3.621,4.115,4.903,4.156,0.371,0.366,0.941,85.4,-4.17,1,9
3.238,0.9,10.122,4.824,1.024,7.961,3.723,4.694,2.714,2.918,0.543,0.423,1.017,89.4,6.41,1,5
4.169,1.028,9.17,5.396,1.017,8.69,5.539,5.118,4.111,4.921,0.472,0.517,1.026,75.5,0.5,1,10
4.445,1.036,11.294,2.41,0.9,8.855,4.804,4.925,4.385,4.211,0.53,0.395,0.941,56.4,-2.11,0,10
5.156,1.075,11.177,4.407,1.008,6.116,4.882,4.54,4.833,2.896,0.692,0.648,1.005,76.5,-0.76,1,10
2.994,0.911,6.934,4.06,0.953,8.158,5.939,4.3,5.357,4.275,0.695,0.753,1.005,78.5,0.63,1,9
4.417,1.051,9.42,3.778,0.936,7.408,4.915,3.107,3.414,3.232,0.354,0.438,1.027,64.2,4.07,0,13
5.618,1.181,7.678,3.736,0.961,5.967,4.918,5.461,4.221,4.284,0.311,0.614,0.978,65.2,10.38,0,14
4.52,1.047,9.858,4.293,0.98,7.887,3.432,6.5,3.566,4.941,0.26,0.23,1.019,82.5,-4.95,0,10
4.035,0.948,10.068,3.41,0.91,8.506,4.88,5.47,3.396,5.413,0.407,0.215,0.895,61.1,7.23,1,9
3.436,0.93,11.764,5.682,1.175,6.045,4.499,4.271,2.545,3.44,0.351,0.483,0.947,76.4,6.75,1,10
5.772,1.159,9.98,2.458,0.9,8.715,4.171,4.193,3.661,4.979,0.554,0.459,0.944,45.0,7.59,0,11
3.548,0.976,8.883,3.604,0.93,10.036,5.06,5.373,3.654,3.425,0.458,0.59,0.964,85.5,7.39,1,14
3.663,0.998,10.844,3.299,0.995,9.92,4.134,4.576,3.639,2.5,0.409,0.468,0.983,76.2,-2.25,0,6
4.353,0.978,10.371,5.306,1.112,7.523,4.394,4.682,3.373,5.493,0.481,0.403,0.942,100.0,4.7,0,10
2.536,0.9,10.538,5.252,1.089,11.804,5.407,4.576,3.394,3.801,0.756,0.695,1.023,62.0,-9.8,0,8
3.919,0.957,7.867,6.176,1.201,9.96,3.983,5.38,3.506,3.476,0.604,0.74,0.961,70.5,9.08,1,7
3.779,1.002,5.622,3.929,1.025,7.355,5.684,5.174,3.952,4.184,0.475,0.659,0.982,83.8,-6.73,0,9
2.594,0.9,6.036,3.708,0.963,5.827,3.364,3.835,3.405,2.5,0.466,0.522,1.074,45.0,2.66,1,7
2.0,0.9,5.626,3.343,0.959,8.644,3.312,3.502,3.703,3.497,0.498,0.373,0.959,75.1,5.5,1,12
3.22,0.94,9.105,4.741,1.141,9.1,5.699,5.541,2.62,2.9,0.51,0.622,0.901,59.1,4.85,1,13
2.652,0.9,10.773,4.294,0.981,10.912,5.122,4.673,4.089,3.797,0.575,0.8,0.994,63.5,1.6,0,9
4.58,1.069,8.18,5.029,1.046,10.119,3.313,5.233,3.478,2.755,0.783,0.49,1.125,62.2,0.35,1,8
3.711,0.968,9.465,2.448,0.904,11.598,4.341,4.743,3.508,3.99,0.784,0.542,0.93,95.0,-4.97,0,10
4.365,1.088,8.038,4.183,1.017,10.926,3.593,6.072,4.078,4.545,0.44,0.547,1.07,79.1,-10.13,0,4
2.789,0.9,8.296,2.0,0.9,7.953,4.54,4.346,3.55,3.283,0.369,0.562,1.114,87.7,-0.54,0,6
2.975,0.959,10.835,2.171,0.9,7.179,5.181,4.977,4.026,3.555,0.498,0.325,0.94,65.3,-9.57,0,6
3.074,0.9,10.077,4.444,1.042,9.002,4.755,5.287,3.375,4.24,0.598,0.335,0.994,70.4,-2.93,1,19
2.981,0.9,6.996,4.466,1.048,7.12,4.788,4.326,3.513,4.25,0.635,0.24,0.965,65.9,13.94,1,14
4.688,0.994,11.823,4.536,1.014,10.718,3.0,4.397,4.129,3.983,0.449,0.399,0.899,71.2,-6.07,0,4
6.204,1.156,7.638,4.924,1.09,10.483,5.249,4.792,4.642,4.497,0.546,0.598,0.951,72.2,-2.32,0,12
4.301,0.993,9.351,2.0,0.9,5.0,4.813,4.882,3.281,4.733,0.603,0.524,0.994,82.3,-3.84,0,10
3.291,0.938,9.122,5.201,1.099,8.666,4.126,3.703,3.794,4.138,0.405,0.558,0.915,71.8,5.57,0,9
4.357,1.05,9.017,3.938,0.954,10.702,5.181,4.398,3.557,4.375,0.248,0.417,0.993,93.7,-3.77,0,9
4.46,1.002,9.272,5.069,1.08,6.969,4.627,3.849,4.802,3.631,0.274,0.219,1.057,67.0,4.32,0,9
4.513,0.994,9.677,3.832,1.068,9.653,5.201,5.099,4.354,3.248,0.608,0.557,0.98,71.7,2.76,0,10
4.248,0.937,9.006,5.141,1.113,9.185,5.104,4.224,5.476,4.753,0.586,0.724,1.035,47.6,-0.99,1,16
3.747,0.9,11.246,2.861,0.9,5.0,4.173,5.281,2.533,2.556,0.542,0.501,0.96,83.9,4.4,1,9
2.426,0.9,7.853,2.888,0.9,5.71,3.993,4.586,3.739,3.528,0.359,0.241,1.011,89.7,1.92,0,10
3.8,0.918,9.532,4.412,0.996,9.639,4.334,4.151,4.495,3.292,0.497,0.672,0.879,83.3,3.91,1,12
3.905,0.961,6.485,3.731,0.913,7.82,4.894,4.313,3.198,4.623,0.505,0.707,0.995,97.6,1.3,0,6
5.152,1.109,8.695,5.141,1.134,8.62,5.463,4.01,3.843,2.906,0.339,0.473,0.914,75.5,3.31,1,11
3.533,1.046,10.291,5.851,1.112,9.799,5.679,4.161,4.058,3.451,0.479,0.518,0.985,95.8,1.5,1,11
2.524,0.94,8.075,2.918,0.9,8.075,3.864,3.724,3.828,4.546,0.605,0.8,1.04,82.4,-3.92,1,3
3.395,0.949,10.182,6.06,1.206,6.269,3.547,4.071,5.07,4.132,0.47,0.597,0.929,87.8,-1.74,1,7
4.401,0.988,8.896,2.194,0.9,9.484,4.184,4.491,4.193,3.585,0.27,0.574,0.9,60.2,-3.12,0,13
3.503,0.975,9.502,5.482,1.061,8.363,5.511,4.481,3.0,4.436,0.354,0.672,0.942,57.6,-6.78,0,9
4.482,1.019,6.198,5.21,1.135,7.465,4.69,4.084,4.618,2.5,0.244,0.364,0.947,49.3,3.18,1,6
3.788,1.0,8.11,4.737,1.103,10.068,3.979,4.376,4.148,4.729,0.493,0.5,0.932,61.2,2.82,1,12
4.145,1.009,7.799,5.084,1.109,9.837,4.45,4.814,3.973,3.008,0.685,0.405,0.985,75.8,-2.89,1,11
4.311,1.064,7.065,4.822,1.06,11.243,3.0,5.485,3.659,3.416,0.422,0.563,1.013,99.1,1.84,1,5
4.892,1.031,7.632,3.78,0.959,6.391,4.406,4.715,5.652,5.084,0.282,0.497,1.132,63.0,-0.22,1,8
6.038,1.135,9.814,3.133,0.9,7.936,5.547,3.924,5.47,4.316,0.43,0.492,1.099,76.2,-3.31,1,13
4.373,0.99,10.491,2.462,0.9,7.578,6.122,5.213,3.842,3.812,0.361,0.412,0.963,93.0,-4.64,1,3
4.455,1.121,7.353,5.69,1.12,7.758,4.608,4.299,4.805,3.193,0.4,0.555,1.087,67.5,-3.01,1,10
4.004,1.023,7.718,3.463,0.935,7.901,5.612,3.873,3.969,4.036,0.556,0.304,1.035,74.5,-1.04,1,13
2.0,0.9,11.669,4.684,1.105,8.882,6.39,5.661,4.472,4.674,0.414,0.605,1.032,74.6,-7.66,1,13
4.1,1.007,9.421,3.962,1.016,8.705,3.506,5.106,2.5,3.661,0.544,0.354,0.99,90.2,15.0,1,11
3.237,0.965,9.686,4.953,1.084,10.779,6.15,3.528,4.311,4.041,0.384,0.546,0.878,74.7,0.31,0,4
4.134,1.072,8.3,5.479,1.162,5.0,3.744,4.412,3.198,2.56,0.48,0.381,0.99,66.0,4.48,1,10
4.023,1.028,7.298,4.862,1.102,10.06,3.227,6.5,5.352,4.778,0.366,0.349,0.892,67.5,-3.66,0,11
4.228,0.987,7.73,3.302,0.901,9.407,4.754,4.133,3.114,3.387,0.416,0.572,1.059,75.5,3.69,0,6
2.425,0.9,9.762,3.218,0.961,5.0,3.466,4.803,4.464,4.063,0.346,0.577,1.031,80.4,-1.54,0,11
2.0,0.9,7.129,3.126,0.922,8.584,4.374,3.77,4.833,3.963,0.701,0.474,0.92,81.1,4.28,1,6
4.609,1.077,7.355,4.401,1.068,8.276,3.753,5.205,3.07,4.264,0.61,0.416,1.082,89.2,-15.0,1,1
3.112,0.916,7.377,5.928,1.216,9.215,4.506,4.654,3.675,5.2,0.407,0.384,0.954,63.4,1.65,1,10
3.876,0.981,10.641,5.343,1.093,8.319,5.283,5.32,4.754,3.74,0.482,0.527,0.96,80.1,11.91,1,11
3.667,0.933,8.765,4.147,1.046,9.503,5.002,3.937,3.977,3.649,0.518,0.403,1.022,77.7,6.53,0,12
4.881,1.125,10.009,3.539,0.9,8.614,5.792,4.004,4.273,5.273,0.475,0.349,1.086,86.2,-4.61,0,11
3.872,0.978,7.24,3.474,0.919,7.488,3.778,3.082,4.3,5.669,0.722,0.55,1.052,69.5,-1.63,0,7
4.263,1.038,6.724,4.219,1.027,8.065,4.967,3.453,5.491,5.006,0.694,0.541,1.024,84.8,-5.52,1,1
5.695,1.176,9.221,4.642,1.053,6.974,4.775,4.741,3.248,3.68,0.43,0.555,1.083,81.5,-15.0,0,9
4.475,1.035,6.937,6.5,1.271,8.337,4.503,5.45,4.243,3.552,0.776,0.445,1.003,74.8,-3.81,0,11
4.33,1.055,6.605,4.724,1.058,8.459,3.213,4.523,4.465,2.973,0.415,0.617,1.005,71.9,5.77,0,10
4.383,1.021,10.045,2.252,0.9,8.682,3.098,5.256,2.732,3.926,0.696,0.337,1.109,50.4,-9.35,0,5
2.493,0.9,10.486,2.0,0.9,5.335,3.0,4.046,4.648,4.883,0.344,0.2,1.098,78.3,-1.02,0,6
3.388,0.948,9.025,2.587,0.96,7.619,4.516,5.866,3.259,2.543,0.715,0.475,1.14,68.6,-7.38,1,13
3.271,0.902,8.472,6.5,1.257,9.749,5.578,4.045,3.164,5.043,0.8,0.436,1.179,61.5,-4.85,1,11
4.202,1.077,6.119,3.582,0.9,8.645,3.387,4.315,4.939,3.623,0.335,0.364,1.144,90.8,-6.67,0,9
2.747,0.9,10.177,3.94,0.995,10.163,5.341,4.811,4.554,3.456,0.575,0.266,1.037,69.6,0.39,1,10
4.142,0.973,9.714,3.725,0.924,10.792,3.756,4.423,3.808,4.461,0.353,0.8,1.079,49.8,0.4,1,8
3.869,1.064,7.211,4.029,1.032,8.405,4.609,5.001,4.644,4.682,0.579,0.688,1.02,89.3,2.19,0,7
2.0,0.9,9.854,5.304,1.173,9.691,4.957,4.533,3.688,5.098,0.456,0.588,1.133,50.8,1.96,1,10
4.105,1.027,9.117,2.0,0.9,8.514,4.49,5.495,4.837,3.678,0.469,0.614,1.099,76.7,-3.36,1,17
2.365,0.9,6.961,3.136,0.935,8.521,4.402,4.913,4.128,3.424,0.488,0.562,1.038,88.1,7.77,0,8
4.82,1.123,9.678,4.916,1.08,10.852,4.249,3.627,3.051,2.963,0.46,0.342,1.091,95.6,-4.21,1,10
4.466,0.986,7.103,3.786,0.991,9.989,4.586,5.864,3.16,5.46,0.659,0.38,1.036,69.3,5.69,0,8
5.802,1.059,7.36,4.139,0.928,7.68,3.403,4.253,4.474,3.236,0.238,0.462,1.025,74.9,1.35,0,7
3.58,0.944,9.317,6.5,1.263,8.518,3.846,5.852,4.128,5.46,0.425,0.775,0.987,55.2,-2.02,1,12
2.223,0.9,5.328,3.37,0.916,11.421,4.812,4.69,3.431,4.853,0.634,0.382,1.024,65.4,-6.59,1,7
4.976,1.01,8.118,6.17,1.151,10.369,4.255,4.329,3.951,2.722,0.606,0.333,1.183,69.8,-1.33,1,10
3.681,1.046,10.054,3.47,0.973,7.951,5.301,3.0,3.499,4.009,0.347,0.497,0.99,82.5,-7.21,1,8
4.952,1.057,7.814,4.723,1.01,6.599,3.156,4.009,2.763,4.561,0.458,0.573,1.11,91.2,1.98,0,11
4.795,1.1,9.675,2.657,0.9,7.521,5.191,4.414,2.729,5.189,0.547,0.486,0.85,72.9,6.7,0,2
2.027,0.9,8.111,3.298,0.973,7.521,5.864,4.456,4.565,2.5,0.2,0.409,0.968,71.4,2.42,0,6
4.356,1.02,7.512,3.094,0.9,9.872,3.921,4.555,3.893,2.984,0.538,0.422,1.093,86.6,-0.83,0,10
3.34,0.938,10.661,4.31,0.952,7.987,5.898,4.489,5.077,5.642,0.53,0.513,0.919,57.0,4.58,0,13
3.596,1.02,8.923,3.623,0.967,7.949,4.452,3.0,4.498,2.5,0.291,0.502,0.85,77.3,7.28,0,8
4.507,1.071,8.904,2.979,0.904,8.622,4.944,3.222,4.495,3.537,0.495,0.454,0.99,85.3,-5.79,0,8
2.29,0.9,10.43,3.927,1.035,9.68,4.542,5.593,3.831,4.702,0.412,0.548,1.066,79.6,-2.91,0,10
4.722,1.05,8.664,4.033,0.969,7.499,4.654,4.506,2.793,5.094,0.353,0.442,1.097,63.0,1.25,0,14
4.811,1.02,11.104,6.5,1.184,9.361,4.582,4.435,4.452,4.865,0.607,0.427,1.053,65.6,-4.97,0,9
6.047,1.17,10.634,4.553,1.034,9.374,4.121,3.741,3.927,3.301,0.606,0.515,1.173,75.6,-2.25,1,12
4.497,0.978,9.636,4.571,1.028,5.14,4.453,3.629,2.772,4.626,0.705,0.608,1.109,60.3,-2.47,1,8
4.819,1.075,10.342,3.276,0.905,9.466,3.618,5.769,2.868,3.938,0.439,0.432,0.881,77.7,-2.08,0,8
3.746,0.97,8.834,3.069,0.957,7.75,5.409,4.991,3.531,2.699,0.223,0.221,0.952,67.7,-1.85,0,9
5.081,1.106,8.742,2.058,0.9,6.122,3.936,4.714,3.981,5.359,0.384,0.566,1.016,53.8,-4.61,1,8
5.181,1.12,8.379,5.136,1.133,9.236,3.828,3.382,3.863,3.121,0.617,0.543,1.063,65.8,5.13,1,15
6.343,1.283,9.751,2.82,0.928,8.768,3.844,4.168,4.5,4.024,0.478,0.545,1.117,81.9,1.49,0,7
5.419,1.224,5.977,2.427,0.9,7.758,3.686,3.349,3.75,2.5,0.667,0.551,1.009,79.1,0.65,0,7
4.371,1.043,9.792,4.469,1.11,8.4,3.192,3.895,3.002,3.929,0.532,0.543,0.978,93.8,0.74,0,8
5.315,1.162,6.575,4.862,1.051,6.25,5.106,3.879,2.703,2.5,0.384,0.657,1.105,84.1,1.68,0,8
4.026,0.966,9.722,3.814,1.015,8.72,4.407,4.895,3.75,3.95,0.493,0.388,1.132,53.9,6.35,0,4
3.765,0.983,10.161,5.172,1.125,8.547,3.899,3.164,2.558,2.543,0.407,0.629,0.894,72.7,8.44,1,9
3.445,1.008,12.684,3.342,0.952,8.097,5.51,5.205,3.521,3.713,0.621,0.713,1.052,87.7,0.22,0,14
6.065,1.191,8.933,3.249,0.957,6.472,4.259,4.53,3.175,4.803,0.511,0.542,1.013,73.8,1.02,0,10
3.782,1.002,8.051,4.162,0.992,10.626,3.644,5.712,4.181,4.574,0.682,0.576,1.065,60.9,4.14,0,13
6.376,1.124,6.287,2.077,0.9,6.722,5.457,3.582,3.497,3.039,0.478,0.685,0.945,60.6,-0.62,1,9
2.965,0.934,8.754,4.083,0.981,8.205,4.513,4.076,4.915,3.937,0.402,0.343,1.09,76.9,8.65,1,14
4.129,1.018,6.018,5.189,1.176,5.0,4.389,5.262,2.994,4.653,0.601,0.8,0.967,68.8,8.44,0,16
3.817,0.993,7.229,3.83,1.056,7.963,4.419,4.325,4.431,3.194,0.2,0.462,0.928,82.8,4.5,0,8
3.438,0.923,9.667,4.462,1.032,5.873,3.721,6.5,3.701,4.118,0.405,0.651,1.004,65.1,-8.68,0,13
2.783,0.942,10.237,3.046,0.9,9.535,4.761,5.416,2.901,3.94,0.583,0.234,1.087,49.2,7.77,0,4
4.621,1.111,8.255,3.27,0.975,8.704,6.124,4.404,2.555,2.817,0.508,0.424,1.123,51.1,-0.87,1,13
5.749,1.136,9.086,3.828,0.975,10.38,3.052,3.695,3.571,5.352,0.562,0.406,0.987,96.1,-7.12,0,11
4.091,1.034,7.763,3.314,0.977,5.596,3.386,4.977,3.563,3.502,0.8,0.69,0.894,67.2,-0.63,0,6
4.055,0.999,5.0,3.793,0.925,9.141,4.381,5.177,3.99,3.98,0.577,0.506,1.105,61.9,2.71,0,12
4.888,1.061,8.69,4.972,1.083,5.0,4.547,4.624,4.197,3.132,0.755,0.525,1.063,83.1,0.79,0,10
4.406,1.082,9.436,6.121,1.238,9.231,4.84,5.909,4.434,3.115,0.436,0.447,1.038,89.4,0.64,0,14
4.473,1.065,6.309,4.093,1.034,6.276,5.235,5.414,4.312,3.727,0.203,0.444,0.907,72.9,-4.87,0,10
4.089,1.068,11.047,4.139,1.071,7.125,4.213,5.245,2.903,3.738,0.2,0.288,1.152,49.7,-1.73,0,10
2.941,0.9,8.035,2.0,0.9,8.77,4.238,4.777,3.256,3.397,0.518,0.443,0.981,64.1,1.72,0,9
2.159,0.9,10.046,6.5,1.22,9.032,4.335,4.973,4.686,5.269,0.56,0.652,1.024,82.4,2.23,1,8
2.697,0.9,8.986,3.463,0.994,10.64,3.0,4.914,2.599,4.149,0.565,0.646,1.061,91.1,3.68,0,12
5.995,1.263,6.789,2.48,0.916,9.333,6.023,5.166,4.655,3.772,0.507,0.427,1.083,66.1,-4.46,1,9
5.496,1.148,11.354,3.72,0.946,8.968,3.0,4.571,3.02,4.743,0.332,0.671,0.917,72.5,-4.72,0,9
4.918,1.115,8.94,2.334,0.9,6.512,3.123,5.031,3.8,4.383,0.618,0.524,1.024,62.8,-4.27,1,8
4.176,1.019,7.612,3.888,0.966,10.412,5.516,4.757,2.5,4.571,0.2,0.26,1.048,96.3,1.98,1,16
3.651,0.937,8.276,4.788,1.06,10.642,5.07,5.167,2.5,3.712,0.376,0.737,0.856,71.5,-7.19,0,8
5.098,1.161,8.141,2.0,0.9,9.85,3.0,4.185,2.852,4.537,0.468,0.5,0.949,72.8,-8.62,0,11
4.612,1.055,8.294,5.252,1.07,7.829,4.813,3.846,4.596,3.199,0.599,0.2,0.882,71.1,-2.03,1,9
5.975,1.186,6.593,4.595,1.056,7.863,3.946,3.549,4.667,4.666,0.599,0.484,0.957,69.6,-4.69,0,8
3.478,0.932,10.485,3.044,0.9,9.993,6.5,3.418,4.852,4.935,0.665,0.302,0.934,81.3,3.86,0,12
3.193,0.917,7.12,4.51,1.069,11.536,4.329,3.0,2.5,2.5,0.424,0.505,1.13,60.8,-2.07,0,11
5.928,1.17,9.65,3.265,0.921,9.65,3.297,4.33,2.5,3.022,0.411,0.385,0.988,57.2,1.39,1,7
5.13,1.08,7.073,4.825,1.069,9.754,5.076,5.496,5.142,2.866,0.649,0.403,0.931,91.4,-4.65,0,14
4.566,1.045,8.517,4.47,1.024,10.32,3.795,4.352,4.627,4.039,0.589,0.392,0.932,66.7,9.74,0,9
4.227,1.058,7.686,5.886,1.09,10.008,4.742,4.114,4.69,4.185,0.314,0.711,0.85,50.2,1.31,0,14
3.121,0.924,8.953,3.005,1.003,6.245,5.459,4.281,4.233,3.964,0.541,0.66,1.023,64.6,4.72,1,9
3.378,0.918,11.668,3.836,0.974,5.701,5.081,4.106,4.943,3.637,0.523,0.474,1.002,45.1,-0.41,0,11
5.62,1.15,10.276,3.55,0.963,11.931,3.43,4.15,5.791,4.064,0.6,0.472,1.017,67.1,-8.39,1,5
4.66,1.006,6.211,3.682,0.933,7.901,4.173,3.354,5.154,3.89,0.2,0.472,1.049,74.9,0.49,1,10
2.835,0.947,8.543,6.043,1.189,9.377,3.394,5.853,4.139,2.712,0.313,0.4,1.139,70.8,-3.71,0,17
3.691,1.019,8.817,3.061,0.9,7.645,5.234,4.84,3.395,2.917,0.359,0.253,0.965,50.2,-15.0,1,7
4.145,1.004,8.886,4.954,1.071,8.619,4.993,3.817,3.379,3.345,0.767,0.376,1.02,64.8,-0.23,0,9
4.366,0.989,8.81,6.284,1.252,10.22,3.075,4.501,4.733,2.5,0.524,0.499,1.143,68.0,-1.74,1,15
3.662,0.966,9.516,5.334,1.154,7.76,6.258,3.277,5.004,4.78,0.544,0.49,0.866,77.5,-10.91,1,11
3.417,0.935,9.837,4.256,1.026,10.024,5.316,3.67,3.211,5.472,0.613,0.42,1.068,99.3,1.92,1,5
3.71,0.996,9.356,4.444,1.044,8.862,5.684,4.49,5.461,4.124,0.402,0.555,0.928,56.3,3.36,0,9
4.8,1.056,8.318,2.471,0.9,8.643,4.932,3.263,3.987,4.345,0.27,0.691,1.116,77.5,8.74,1,11
3.919,0.998,8.413,4.592,1.051,10.446,4.29,5.84,3.735,3.415,0.56,0.484,1.005,74.1,10.89,0,10
4.293,0.998,6.252,4.661,1.113,6.909,4.133,4.323,4.588,3.08,0.797,0.411,1.076,80.8,-4.57,1,18
4.558,1.029,7.544,4.042,0.995,7.37,4.25,4.942,3.714,3.341,0.607,0.55,1.079,76.9,3.69,0,10
3.392,0.955,8.781,3.703,0.992,5.498,5.378,4.012,2.5,5.676,0.502,0.524,1.112,73.8,6.22,1,15
3.402,0.926,6.178,2.702,0.9,7.582,4.638,4.468,3.857,4.301,0.457,0.637,0.975,76.8,-0.26,0,10
3.491,1.043,10.182,4.699,0.998,9.636,5.037,3.186,3.704,4.022,0.605,0.477,1.106,56.6,7.06,1,14
4.537,1.083,5.628,5.739,1.175,8.31,4.638,4.01,3.869,4.837,0.329,0.544,1.072,87.9,10.06,1,10
3.589,0.951,10.138,3.829,1.035,9.907,5.206,4.152,2.958,2.569,0.307,0.219,0.866,64.6,7.19,1,7
4.446,1.078,7.305,5.775,1.21,7.272,4.772,3.724,4.121,2.906,0.453,0.451,0.99,94.3,0.95,1,16
2.796,0.98,11.167,5.279,1.156,6.443,5.097,3.793,4.45,3.339,0.302,0.402,1.115,64.2,4.75,1,11
2.624,0.9,6.623,4.372,1.03,7.919,4.32,3.0,3.489,4.825,0.578,0.578,0.941,70.2,1.77,1,8
3.556,1.036,7.578,2.346,0.9,9.728,5.58,5.145,2.931,3.178,0.66,0.339,1.132,65.9,-4.33,1,7
3.409,0.941,9.602,2.165,0.9,7.566,3.961,3.947,4.174,4.202,0.397,0.645,0.904,74.4,-4.75,1,11
3.647,0.912,7.765,5.649,1.069,11.948,4.401,3.417,4.841,2.5,0.651,0.599,1.073,76.4,6.53,0,17
4.897,1.147,6.577,4.705,1.106,9.147,5.053,4.377,3.61,2.709,0.517,0.493,0.997,76.5,-3.83,1,7
2.0,0.9,6.631,2.768,0.995,9.058,4.746,3.789,4.97,3.011,0.522,0.237,1.024,74.5,0.89,0,7
3.981,0.963,7.757,4.879,1.039,8.12,3.959,3.251,3.694,4.954,0.58,0.525,1.006,52.0,-6.43,0,4
3.592,0.911,10.541,3.212,0.953,9.363,3.777,3.791,4.253,4.681,0.495,0.35,0.965,49.5,0.45,1,4
5.337,1.128,8.477,3.711,1.017,6.624,4.472,4.237,3.712,2.5,0.461,0.225,1.098,76.9,2.18,0,11
3.631,0.949,6.995,4.281,0.993,5.314,3.849,3.88,4.401,3.553,0.551,0.412,1.012,81.1,-1.79,0,4
3.179,0.908,9.575,3.428,0.97,11.498,4.282,4.019,3.438,3.777,0.648,0.451,1.064,82.6,-7.98,0,13
4.411,1.064,6.324,5.061,1.127,9.996,3.0,6.102,3.659,3.748,0.626,0.291,0.975,89.6,-5.57,0,10
3.16,0.9,9.701,5.01,1.156,9.992,5.338,4.313,3.467,2.917,0.398,0.42,0.928,71.8,-1.66,0,10
3.179,0.9,8.186,4.139,1.008,6.134,6.433,5.112,4.538,4.202,0.46,0.589,1.068,69.0,2.19,1,11
2.305,0.9,10.078,5.439,1.212,8.026,3.371,3.801,3.022,2.5,0.342,0.513,1.05,62.3,7.83,1,8
3.9,0.977,9.845,5.794,1.213,5.0,4.981,5.479,3.384,5.018,0.501,0.621,1.076,69.9,-0.98,1,14
2.0,0.9,9.061,3.412,0.978,9.626,4.097,4.087,4.997,3.144,0.8,0.444,1.093,59.7,-9.6,1,9
3.239,0.946,9.173,4.064,1.009,9.915,5.509,4.297,4.119,3.484,0.275,0.407,1.008,68.4,-8.78,0,7
4.324,1.048,8.591,3.851,0.955,9.5,4.458,4.487,3.986,3.093,0.406,0.328,0.984,75.9,5.9,1,10
3.151,0.93,8.069,3.887,0.965,10.278,4.441,4.767,4.086,4.191,0.398,0.404,0.888,49.7,2.28,0,7
4.996,1.068,11.125,4.85,1.05,7.89,4.094,3.855,3.527,3.482,0.398,0.2,0.935,82.6,0.59,1,5
3.296,0.939,6.785,2.0,0.9,10.73,4.011,4.519,2.856,3.625,0.367,0.796,1.033,67.4,0.34,0,4
4.795,1.031,8.085,2.718,0.9,7.271,4.092,4.856,3.654,4.957,0.552,0.467,1.073,71.8,8.49,0,11
4.627,1.02,10.082,4.547,1.063,7.183,5.344,5.353,3.502,3.722,0.2,0.498,0.996,60.7,1.41,0,12
2.069,0.9,10.989,3.413,0.998,8.96,3.317,4.458,5.126,3.923,0.555,0.55,0.98,69.8,-2.75,1,10
4.494,1.091,8.793,4.027,0.971,8.168,4.52,4.327,3.949,3.714,0.355,0.571,1.031,88.5,-9.27,1,7
2.97,0.9,5.504,3.814,1.024,7.187,3.321,4.931,4.524,3.954,0.637,0.453,1.195,70.6,-0.34,1,7
4.938,1.088,7.272,2.0,0.9,8.969,4.667,5.201,5.179,4.276,0.622,0.556,0.961,73.9,-3.62,0,8
4.839,1.046,9.338,2.624,1.008,10.451,3.784,3.0,4.664,3.769,0.58,0.372,1.039,56.3,-5.53,0,8
4.07,1.042,8.425,3.327,0.943,7.746,3.501,4.324,3.24,3.943,0.508,0.326,1.092,69.1,-1.36,0,7
4.546,1.011,7.961,2.759,0.9,6.935,4.136,5.676,5.367,4.626,0.692,0.456,0.918,81.9,-4.44,0,13
3.642,0.968,6.379,5.681,1.19,8.539,4.802,4.368,3.132,4.715,0.461,0.303,1.002,74.3,9.0,1,5
2.837,0.9,8.895,3.567,0.992,8.183,5.929,3.757,4.2,4.302,0.441,0.501,0.943,90.4,-2.66,1,8
4.256,1.049,8.381,4.584,1.092,7.842,3.0,4.014,4.718,3.859,0.284,0.565,0.994,75.2,-11.62,0,7
3.086,0.922,9.248,6.5,1.24,5.0,3.119,3.549,2.907,4.111,0.74,0.463,1.014,88.9,1.24,1,8
4.629,1.112,7.26,4.037,0.993,9.136,5.096,5.166,2.5,3.993,0.563,0.529,0.935,68.2,1.77,1,6
4.878,1.082,10.469,2.914,0.96,9.795,4.584,4.005,4.653,4.481,0.414,0.508,1.024,66.8,8.85,0,15
2.812,0.9,8.026,3.406,0.971,10.939,4.939,5.681,5.26,4.858,0.291,0.496,1.088,63.0,-9.11,0,19
3.755,0.991,10.093,4.287,1.02,11.296,4.475,3.271,3.345,3.591,0.608,0.584,0.962,88.9,-5.55,0,4
2.91,0.9,5.37,3.521,0.954,9.899,4.878,4.639,3.162,3.542,0.206,0.642,1.188,65.5,3.43,0,6
4.105,0.987,5.0,3.486,0.949,7.987,4.139,4.893,4.205,4.114,0.517,0.713,1.049,67.5,-13.22,0,7
3.436,0.955,9.747,3.559,0.986,10.155,3.0,5.487,3.537,5.404,0.47,0.483,0.979,86.4,3.95,1,11
2.984,0.963,8.745,4.081,1.057,9.211,4.082,5.14,4.595,4.249,0.617,0.604,0.983,65.1,-9.01,1,7
2.643,0.968,7.865,2.928,0.982,6.827,4.782,3.976,3.907,4.652,0.615,0.322,1.104,92.1,0.4,0,10
2.201,0.9,8.821,2.86,0.9,9.197,3.33,3.0,4.737,4.935,0.405,0.551,0.928,75.8,2.98,1,9
2.879,0.9,9.963,2.921,0.9,11.415,6.5,3.793,3.964,4.09,0.235,0.564,0.919,79.8,2.63,1,9
3.935,1.029,7.756,5.212,1.126,7.988,4.413,4.354,2.809,4.782,0.428,0.46,0.859,55.4,-2.73,0,8
5.328,1.157,12.082,3.557,1.006,7.124,5.579,4.377,4.542,4.579,0.561,0.741,0.918,98.1,-2.1,0,7
3.213,0.981,6.575,4.253,1.031,7.308,3.947,3.75,3.286,3.166,0.307,0.454,0.928,81.0,1.83,0,2
4.562,0.998,7.325,3.387,0.969,7.031,4.387,5.378,3.972,4.32,0.272,0.384,0.969,81.4,-0.53,1,14
4.878,1.113,7.528,4.728,0.998,7.608,6.193,5.667,3.06,3.67,0.243,0.29,1.137,70.7,4.07,0,6
4.015,0.932,9.895,5.979,1.16,7.759,3.914,5.388,3.748,4.277,0.618,0.541,1.096,82.6,9.28,1,11
3.688,0.936,8.481,2.052,0.9,9.839,3.0,4.309,4.363,5.043,0.38,0.74,0.895,79.1,-9.59,0,5
6.053,1.19,8.353,3.067,0.919,7.872,5.297,3.185,3.06,4.036,0.585,0.565,0.926,81.4,4.08,1,8
4.859,1.134,7.553,3.57,0.984,7.285,5.232,5.22,4.165,3.347,0.57,0.564,1.056,71.3,-7.64,0,12
3.448,1.038,9.663,2.503,0.9,11.148,3.566,3.91,3.523,4.713,0.272,0.487,0.955,64.4,-2.64,0,6
3.065,0.905,7.776,2.559,0.9,8.422,4.021,6.467,3.009,3.09,0.624,0.675,1.169,59.9,3.55,1,10
3.584,0.998,8.256,5.79,1.222,9.048,5.459,4.387,3.302,5.266,0.661,0.305,1.072,74.9,-7.12,1,10
2.497,0.9,6.753,6.239,1.217,7.288,4.353,4.216,3.801,5.219,0.439,0.368,0.886,62.9,8.51,1,7
5.852,1.169,9.194,3.148,0.9,9.344,4.742,5.206,4.064,5.184,0.519,0.38,1.19,75.5,4.51,0,11
5.31,1.12,8.767,5.536,1.081,11.349,5.935,5.301,3.12,3.754,0.602,0.491,0.994,85.8,0.09,1,11
2.75,0.9,8.128,2.0,0.9,9.347,4.301,4.384,3.254,4.408,0.504,0.614,0.968,69.0,4.02,1,6
6.207,1.191,8.72,4.088,1.037,8.306,5.25,4.746,3.536,3.586,0.441,0.602,0.897,82.6,7.18,1,14
3.789,0.994,6.321,4.573,1.102,9.715,3.102,5.517,4.953,4.156,0.419,0.451,0.915,93.1,-5.15,1,5
4.622,1.085,10.166,5.544,1.162,9.333,5.052,4.756,4.239,4.604,0.487,0.614,1.009,80.5,-5.64,0,10
4.326,1.013,10.193,6.401,1.22,8.077,5.09,4.764,3.871,2.942,0.445,0.262,0.945,71.6,-14.32,1,11
3.821,1.024,8.556,6.5,1.222,7.678,3.864,4.641,4.33,3.311,0.541,0.429,1.023,64.4,-4.3,0,9
2.0,0.9,10.841,3.353,0.9,7.551,4.615,3.0,5.195,3.913,0.566,0.573,0.947,91.9,-2.86,0,7
4.619,1.028,9.633,4.498,1.04,7.832,4.129,4.897,2.88,4.487,0.617,0.573,0.995,75.7,2.52,1,5
3.298,0.921,9.505,3.161,0.949,9.944,4.936,4.771,3.832,5.065,0.553,0.504,1.005,61.4,7.63,0,7
3.662,0.963,6.942,4.547,1.03,8.677,4.317,3.802,2.5,4.107,0.65,0.402,0.905,61.4,2.8,1,4
4.143,0.96,7.136,4.826,1.059,8.209,4.54,4.273,3.734,3.397,0.672,0.574,0.919,56.5,1.41,1,9
4.722,1.069,8.371,3.705,0.975,7.127,4.211,4.544,3.229,4.012,0.476,0.8,0.91,72.7,-2.72,0,12
3.798,1.028,10.488,2.81,0.9,11.314,3.979,4.897,5.828,4.487,0.373,0.8,0.948,89.2,8.78,0,6
5.197,1.177,10.44,3.485,0.928,9.167,4.217,3.923,2.5,3.071,0.678,0.28,0.913,45.0,-4.81,1,9
4.574,1.109,8.672,4.559,1.041,6.299,4.754,3.95,4.865,3.377,0.644,0.6,1.136,86.3,7.76,1,8
5.166,1.105,8.021,4.899,1.103,8.281,5.018,4.194,3.988,4.195,0.39,0.24,1.088,79.2,5.08,1,11
3.778,0.968,6.345,4.681,1.034,10.433,4.313,4.668,3.82,4.099,0.628,0.618,0.85,71.5,8.1,1,9
2.503,0.9,10.341,3.798,0.998,9.344,5.339,5.117,2.718,4.514,0.545,0.44,0.941,73.3,-4.64,1,10
5.047,1.153,8.493,4.822,1.081,6.395,5.851,4.728,3.024,4.945,0.695,0.55,0.909,85.7,4.1,1,14
4.32,0.937,9.315,4.381,1.005,9.477,3.918,4.821,3.981,3.885,0.739,0.427,1.069,60.6,-0.9,1,17
3.929,0.994,6.739,3.57,0.982,9.908,4.615,5.063,3.937,3.813,0.484,0.321,0.964,57.2,-6.93,0,12
3.959,1.001,8.906,4.792,1.081,13.0,5.122,3.032,3.706,3.991,0.668,0.677,0.957,69.1,-1.37,0,10
5.765,1.221,6.871,4.283,1.005,6.195,4.4,5.288,4.909,4.107,0.602,0.361,1.0,76.1,-5.13,0,7
3.769,0.962,8.374,4.75,0.997,9.791,3.502,4.278,5.237,4.016,0.339,0.382,0.991,86.3,13.13,0,9
3.475,0.9,7.342,3.38,0.973,8.072,4.876,4.229,4.081,4.791,0.378,0.322,1.043,67.1,-6.18,1,8
4.422,1.046,9.394,3.194,0.99,7.239,5.122,3.139,5.879,2.5,0.531,0.524,1.057,79.1,-1.54,1,9
2.153,0.9,8.119,4.191,0.997,7.205,3.498,3.0,4.752,3.428,0.407,0.646,1.032,74.3,4.03,1,8
3.55,0.911,7.996,4.569,1.021,9.917,4.03,4.385,3.052,3.154,0.297,0.513,1.021,100.0,4.16,0,5
3.14,0.9,9.051,3.034,0.928,8.902,5.383,5.095,5.374,3.66,0.261,0.532,0.948,63.7,1.76,0,10
3.583,1.052,8.224,4.161,1.027,8.743,4.109,5.845,3.294,4.581,0.605,0.419,1.074,68.2,-2.69,1,12
2.733,0.921,10.72,6.5,1.172,7.903,5.168,3.539,5.139,4.125,0.457,0.492,1.101,74.8,2.02,1,5
4.044,1.043,9.642,3.502,0.92,8.869,3.964,4.605,4.628,3.784,0.411,0.567,0.947,57.6,4.04,0,12
2.0,0.9,11.687,2.0,0.9,7.914,3.249,4.647,4.925,4.548,0.505,0.644,1.077,80.6,-11.08,0,5
5.281,1.101,5.0,4.339,0.988,8.029,5.121,4.374,3.476,3.872,0.494,0.548,0.963,76.3,5.45,0,13
3.58,0.915,10.043,3.281,0.951,7.398,6.15,5.22,3.358,3.241,0.254,0.747,1.056,72.6,9.29,1,14
3.597,0.993,9.756,2.0,0.9,8.883,5.219,4.145,3.692,4.272,0.51,0.674,0.888,45.0,2.39,1,6
4.042,1.037,10.225,2.0,0.9,6.353,4.977,3.536,2.978,4.894,0.453,0.421,0.894,78.4,0.42,1,6
4.602,1.083,5.43,3.264,0.9,8.955,5.457,5.422,3.435,5.922,0.2,0.628,0.85,93.2,1.13,0,7
2.48,0.9,6.908,3.909,1.012,7.923,3.735,4.965,3.857,3.38,0.2,0.395,1.001,74.7,2.77,0,7
2.0,0.9,7.029,5.817,1.129,9.771,4.401,3.734,4.629,3.288,0.481,0.599,0.97,65.3,-2.5,1,8
5.289,1.113,7.223,2.235,0.9,8.714,5.852,3.628,4.58,2.963,0.494,0.456,0.954,49.5,-2.14,1,10
3.341,0.947,7.908,3.378,0.991,8.76,4.985,3.507,4.096,3.555,0.609,0.62,1.014,55.2,-0.8,1,7
3.78,1.084,10.977,4.201,1.019,10.908,4.195,5.025,5.051,3.376,0.271,0.618,0.885,79.9,0.23,0,5
5.66,1.197,10.096,2.523,0.911,9.165,4.461,3.759,3.129,3.884,0.472,0.561,0.878,65.8,-1.08,1,7
3.425,0.951,10.524,3.876,0.923,7.292,3.0,5.47,4.899,3.427,0.571,0.418,1.054,79.7,-6.7,0,9
6.5,1.195,9.572,5.456,1.086,7.912,5.154,5.233,3.466,3.512,0.43,0.62,0.969,82.7,12.72,0,11
5.219,1.172,7.664,3.944,1.125,8.37,3.904,3.402,3.622,3.792,0.752,0.45,0.897,71.2,3.23,1,7
2.617,0.9,6.633,2.0,0.9,7.912,6.171,5.759,5.514,4.103,0.405,0.654,1.066,71.0,-1.44,0,10
4.764,1.067,8.03,4.376,1.076,8.288,5.176,5.353,2.5,3.633,0.558,0.646,0.864,73.6,-5.76,1,10
3.918,0.953,6.944,3.021,0.9,7.053,4.07,5.191,2.667,2.5,0.519,0.535,0.974,56.7,-4.4,0,3
2.0,0.9,7.597,4.57,1.059,7.76,4.395,4.739,4.311,3.686,0.381,0.467,0.926,81.8,3.58,1,7
3.869,1.039,8.604,4.454,1.042,8.998,4.779,4.894,3.437,4.871,0.348,0.648,1.056,71.0,-4.34,1,13
5.367,1.119,7.899,2.817,0.9,7.703,5.301,5.154,4.334,4.843,0.554,0.306,1.068,77.9,6.05,0,12
3.349,0.937,10.279,2.178,0.9,9.493,4.5,4.293,3.694,4.324,0.319,0.462,1.127,75.8,-1.86,1,8
4.927,1.089,7.768,3.712,1.008,8.067,3.854,3.812,4.019,4.852,0.596,0.271,0.965,82.4,13.69,1,13
6.207,1.235,9.625,4.556,1.053,7.859,4.769,6.098,4.638,3.746,0.591,0.6,0.921,82.1,9.53,0,8
2.0,0.9,9.161,2.0,0.9,8.562,4.712,5.436,2.797,2.562,0.448,0.508,0.964,66.1,-2.55,1,8
5.194,1.127,9.249,3.643,0.97,8.05,3.787,5.185,5.45,3.917,0.589,0.576,0.884,75.6,4.94,1,6
4.464,1.014,8.958,2.937,0.9,9.036,4.747,4.055,2.64,3.725,0.481,0.466,1.012,86.3,10.12,1,9
3.566,0.937,7.458,3.321,0.92,10.967,3.0,4.511,3.981,4.301,0.424,0.5,0.968,75.2,-7.23,1,6
4.749,1.145,5.922,4.461,1.101,6.949,4.941,4.404,3.984,2.801,0.729,0.394,1.046,92.9,-1.24,1,9
4.271,1.022,8.347,2.737,0.9,10.994,3.782,4.732,3.63,4.443,0.398,0.398,1.073,70.1,3.25,1,9
5.26,1.094,10.929,4.855,1.097,9.116,4.523,4.75,3.867,3.283,0.324,0.503,1.099,65.4,8.03,1,17
5.988,1.161,6.693,4.492,1.007,9.67,5.327,4.096,2.747,3.083,0.694,0.37,0.935,80.0,-9.24,0,8
4.352,0.985,10.384,4.882,1.046,6.65,4.774,3.831,4.225,3.296,0.273,0.371,0.855,72.7,6.44,0,10
5.482,1.163,7.996,6.039,1.148,8.05,5.328,4.401,4.441,4.874,0.65,0.42,1.013,75.3,-1.35,1,9
4.859,1.048,8.645,4.377,1.037,9.311,5.453,4.605,2.5,4.03,0.437,0.563,0.909,62.2,7.24,0,9
3.965,0.979,10.072,4.46,1.051,7.27,4.195,4.692,3.844,3.605,0.291,0.798,1.013,77.3,7.05,0,11
2.543,0.922,11.736,5.838,1.253,8.094,4.406,5.546,3.198,3.598,0.522,0.73,1.021,47.2,-1.87,1,13
4.332,0.995,9.446,2.57,0.9,7.708,4.009,4.333,4.271,3.707,0.448,0.408,0.879,77.6,9.71,0,9
4.731,1.038,6.984,5.231,1.135,8.954,4.642,5.703,4.665,4.222,0.447,0.644,0.997,64.5,-3.17,1,7
5.852,1.214,7.872,2.565,0.909,12.298,5.309,3.0,4.467,4.329,0.488,0.305,0.87,67.1,-1.4,0,5
3.534,0.966,7.224,2.606,0.9,8.832,5.135,4.648,3.274,5.223,0.742,0.491,0.953,88.9,3.81,1,12
5.726,1.11,5.0,5.463,1.086,9.092,5.295,4.447,4.341,4.571,0.44,0.585,1.062,80.4,8.22,1,11
3.601,0.973,7.003,6.345,1.207,9.09,4.405,4.746,3.762,3.898,0.598,0.515,1.064,59.7,4.07,0,13
4.029,1.001,7.676,4.131,1.001,8.946,5.764,4.682,3.516,5.686,0.761,0.721,0.913,58.8,-9.47,1,8
3.469,0.9,10.293,2.0,0.9,8.736,4.463,3.78,4.944,4.038,0.425,0.683,0.911,93.0,-8.61,1,2
3.793,0.952,8.443,4.599,1.121,11.912,4.8,4.83,4.768,4.058,0.625,0.538,0.942,57.3,-12.79,1,10
2.0,0.9,9.024,2.0,0.9,10.135,5.022,4.549,4.984,3.162,0.566,0.336,0.874,87.7,1.04,1,11
4.726,1.021,6.868,4.15,0.983,10.003,3.127,3.238,2.752,3.815,0.8,0.422,1.074,83.7,1.38,1,10
5.128,1.067,5.822,2.629,0.9,6.59,5.025,5.044,4.342,2.668,0.642,0.403,0.948,70.4,-7.23,0,7
4.344,1.039,9.236,3.765,0.932,13.0,4.823,3.906,3.442,3.909,0.568,0.527,0.915,84.0,-9.56,1,10
4.014,1.004,10.169,3.636,1.0,10.023,3.047,5.606,3.448,4.147,0.443,0.411,1.09,84.9,-3.69,0,9
2.313,0.908,9.463,3.445,0.9,9.992,5.036,4.06,4.892,3.155,0.587,0.436,1.029,95.0,6.55,1,12
3.322,0.99,8.124,4.874,1.108,8.777,3.224,3.866,5.37,5.933,0.556,0.367,1.033,64.8,3.45,1,11
4.108,1.036,8.553,2.698,0.9,8.785,3.469,3.855,2.826,3.855,0.637,0.489,1.101,55.3,-4.76,1,7
4.011,0.994,11.367,2.0,0.9,6.854,4.658,4.235,3.85,3.104,0.51,0.545,1.109,77.1,-4.0,1,4
4.001,0.976,9.315,4.617,1.01,11.423,3.38,3.0,2.779,5.071,0.538,0.609,1.078,53.3,-0.47,0,8
4.377,1.046,7.477,3.472,0.964,7.097,4.299,3.21,5.079,4.418,0.394,0.787,1.068,71.6,14.5,1,10
4.177,0.985,7.035,4.084,1.051,9.068,4.14,3.262,5.726,3.604,0.326,0.696,1.129,83.9,6.15,0,12
2.938,0.9,10.404,4.093,1.089,8.773,5.391,6.131,3.99,4.344,0.641,0.58,0.98,77.2,15.0,0,18
4.409,1.046,8.911,4.589,1.026,9.134,4.568,4.828,3.665,4.402,0.525,0.507,1.113,62.5,5.39,1,14
5.241,1.122,6.908,2.774,0.901,9.897,3.866,4.548,5.059,3.208,0.467,0.363,0.967,88.5,2.33,0,5
3.394,0.984,7.518,4.704,1.08,9.449,3.298,4.479,3.949,4.676,0.556,0.467,0.926,86.2,1.73,1,13
3.287,0.924,9.304,4.943,1.092,11.378,4.082,4.208,4.29,4.188,0.352,0.412,1.038,71.1,-3.76,1,12
2.0,0.9,12.567,2.0,0.9,8.895,4.199,6.276,4.638,3.596,0.262,0.59,1.046,78.8,-4.23,1,7
2.414,0.902,6.393,4.482,1.079,8.526,3.812,4.786,4.534,4.268,0.421,0.442,0.909,46.9,7.09,1,10
3.863,0.978,9.205,3.655,1.02,7.804,5.371,4.345,4.326,3.781,0.716,0.517,1.055,58.4,-5.23,1,8
5.206,1.087,7.342,2.923,0.9,9.344,4.041,4.315,4.096,4.959,0.498,0.585,0.985,77.8,6.68,0,7
3.99,1.058,10.201,3.323,0.978,6.38,4.233,3.877,4.41,3.754,0.648,0.544,0.958,64.9,1.89,1,5
3.101,0.929,10.361,5.503,1.098,9.9,5.698,4.867,4.431,3.164,0.538,0.701,0.929,74.3,-4.33,1,10
4.333,1.057,10.977,3.68,0.964,6.681,5.867,3.367,4.108,2.821,0.628,0.641,1.024,45.2,-9.56,0,5
2.0,0.9,9.196,6.076,1.138,9.029,3.974,3.0,3.452,4.437,0.588,0.742,1.107,81.2,3.57,1,12
2.988,0.9,7.234,4.729,1.087,11.352,6.398,4.328,4.976,5.037,0.334,0.45,1.016,57.1,2.58,1,7
3.838,1.035,7.318,4.278,1.096,5.679,4.149,3.0,5.574,5.096,0.684,0.569,1.036,82.5,-0.47,0,10
3.811,0.912,12.416,3.706,1.031,5.0,4.782,5.131,3.233,4.404,0.354,0.381,1.026,96.6,1.64,0,12
3.47,0.971,8.985,2.36,0.9,9.756,4.594,6.229,4.296,3.169,0.63,0.27,1.011,94.1,-5.29,0,6
5.048,1.033,9.845,5.85,1.131,5.619,5.009,4.281,4.416,4.624,0.508,0.361,1.011,66.1,2.29,0,6
4.315,0.985,9.425,3.14,0.969,8.014,3.952,3.317,3.858,5.123,0.8,0.613,1.092,52.1,-0.45,0,5
4.298,1.033,8.642,4.432,1.025,9.386,4.68,3.485,4.489,3.282,0.371,0.535,1.132,64.2,-3.01,1,11
2.96,0.908,8.778,3.477,1.034,8.731,3.672,5.552,4.405,3.157,0.685,0.623,1.034,75.6,0.18,0,7
4.766,0.974,9.059,4.264,1.018,7.594,5.564,4.843,3.485,4.106,0.653,0.476,0.877,83.5,14.33,0,13
3.778,1.044,7.176,4.307,1.009,7.288,3.602,3.803,3.7,5.181,0.381,0.542,0.97,66.0,-0.41,1,4
3.521,0.958,6.229,5.066,1.068,10.736,4.139,3.491,3.617,4.321,0.525,0.499,0.974,89.7,14.2,1,7
3.537,0.973,6.621,3.127,0.926,10.936,3.923,3.3,4.541,4.515,0.667,0.558,0.997,78.2,3.83,0,8
2.506,0.905,5.17,2.091,0.9,9.756,5.93,3.008,3.888,4.369,0.673,0.502,1.063,70.9,-0.03,0,5
5.814,1.126,8.648,2.951,0.907,10.499,4.788,5.156,4.052,4.011,0.399,0.551,0.915,67.3,-2.67,0,4
6.0,1.196,9.258,3.246,0.973,11.26,3.796,4.135,3.507,4.839,0.33,0.382,1.042,74.1,-8.79,0,6
5.638,1.185,6.965,5.307,1.136,6.644,3.618,5.15,4.668,5.418,0.361,0.491,1.141,62.4,-2.69,0,15
2.162,0.9,11.013,4.386,1.048,8.667,3.594,4.78,4.735,3.502,0.439,0.575,1.003,61.4,2.96,0,6
2.964,0.9,8.578,3.759,0.955,6.796,5.226,5.121,4.829,2.812,0.379,0.261,0.903,68.2,10.6,1,4
4.297,0.982,9.854,2.984,0.9,7.582,4.545,5.44,3.023,3.27,0.751,0.55,1.001,86.1,-5.37,0,8
2.628,0.9,9.033,3.494,0.9,10.137,6.5,4.65,3.485,4.05,0.502,0.417,0.955,68.3,-7.53,0,6
2.0,0.9,9.124,5.08,1.092,10.838,4.853,4.825,4.016,4.308,0.508,0.69,1.168,78.3,1.46,1,14
3.041,0.908,7.502,3.105,0.9,7.292,3.0,5.292,3.917,3.596,0.579,0.488,0.983,51.7,-1.68,1,7
4.095,1.054,8.617,3.452,0.947,7.394,3.652,4.172,3.489,3.623,0.393,0.266,1.151,75.9,5.66,1,17
3.584,0.94,6.773,2.974,0.973,7.188,3.933,4.749,5.854,5.046,0.364,0.477,1.161,72.5,1.56,0,12
2.939,0.9,5.0,3.9,0.945,8.473,5.751,4.745,4.242,4.325,0.547,0.589,0.964,70.7,-8.46,1,8
4.81,1.092,9.204,4.255,1.044,8.022,3.77,3.009,3.377,3.567,0.615,0.402,1.198,70.0,5.0,0,14
4.032,0.993,5.115,6.319,1.202,9.415,4.13,4.107,3.812,2.904,0.598,0.444,1.053,63.1,1.62,1,6
2.471,0.982,6.991,2.31,0.9,9.164,4.163,4.521,3.419,3.012,0.336,0.436,1.061,91.6,6.84,0,10
2.855,0.906,11.471,4.278,0.964,6.761,3.349,6.059,4.303,3.322,0.684,0.667,0.877,66.0,-11.55,0,14
3.358,0.9,8.729,5.339,1.066,9.614,4.772,5.266,4.211,3.8,0.754,0.236,0.966,75.4,4.94,0,7
4.471,1.082,10.3,4.379,1.159,9.756,4.788,4.736,3.875,3.912,0.363,0.253,1.084,72.7,7.39,1,8
2.452,0.9,8.666,5.913,1.176,6.652,5.33,4.922,4.322,3.778,0.769,0.291,1.041,80.1,4.57,1,11
2.0,0.9,8.94,2.116,0.9,8.541,3.0,6.5,4.984,2.93,0.356,0.547,1.003,58.0,5.31,0,4
2.0,0.902,8.868,3.645,0.968,8.851,4.861,4.639,3.665,3.463,0.498,0.283,1.048,73.9,3.36,1,9
4.434,1.036,7.708,3.688,1.001,8.401,5.842,4.483,3.053,3.924,0.417,0.454,1.048,63.8,5.03,0,9
4.856,1.064,7.891,3.979,1.004,10.569,4.347,4.474,4.362,2.57,0.467,0.629,1.034,52.5,-0.99,0,14
4.356,1.048,9.752,4.821,1.117,11.286,3.764,4.386,2.989,3.471,0.399,0.31,0.949,66.7,5.21,1,8
4.577,1.025,9.329,6.201,1.184,7.871,5.928,3.839,3.846,4.377,0.345,0.548,1.026,69.3,-8.38,1,9
2.0,0.9,12.021,3.021,0.909,11.581,4.714,4.636,3.097,4.025,0.319,0.503,0.863,72.2,-9.9,0,6
4.367,1.049,8.278,5.308,1.149,10.322,4.74,5.268,3.573,4.915,0.4,0.484,0.993,76.0,-4.58,1,8
5.259,1.102,6.316,3.336,0.9,9.633,4.476,5.039,4.722,3.598,0.347,0.422,1.007,78.0,-2.25,0,6
2.312,0.9,10.07,4.599,1.088,10.587,3.751,4.312,2.5,4.602,0.563,0.252,0.92,64.3,1.9,1,4
3.708,0.975,10.077,3.612,0.959,7.591,3.0,4.763,5.646,4.708,0.734,0.8,0.957,90.6,2.14,0,5
2.0,0.9,6.124,5.211,1.091,7.66,5.931,4.721,3.55,3.241,0.263,0.406,0.988,67.8,-15.0,1,7
3.298,0.91,6.312,4.895,1.062,9.59,5.051,5.171,4.182,4.307,0.425,0.547,1.001,60.1,0.26,1,14
2.057,0.9,6.297,5.296,1.147,10.188,5.439,3.4,3.67,3.162,0.633,0.396,1.079,67.5,-2.12,1,11
4.318,0.999,9.113,2.164,0.9,9.331,4.444,3.698,3.548,5.477,0.209,0.43,0.863,59.9,5.8,1,12
2.1,0.9,6.79,6.095,1.242,8.392,4.496,4.633,4.552,4.029,0.319,0.53,1.015,77.2,-10.39,1,10
3.954,1.047,7.364,4.439,1.05,9.058,4.062,3.128,4.795,3.845,0.375,0.435,0.929,88.6,-2.49,1,6
3.28,0.987,9.679,2.497,0.922,8.697,4.889,4.751,4.028,4.519,0.509,0.42,1.183,87.0,2.07,0,5
4.571,1.056,9.003,4.507,1.074,6.68,4.711,4.548,3.327,3.165,0.356,0.479,0.998,71.2,-0.2,1,9
5.713,1.205,10.433,6.487,1.218,7.924,4.14,4.593,3.865,3.611,0.337,0.355,0.994,58.3,-8.23,0,14
4.333,1.048,9.213,2.0,0.9,9.304,4.044,3.293,3.848,3.523,0.41,0.349,0.869,75.7,-4.2,0,6
4.54,1.034,7.941,2.417,0.916,8.253,5.312,3.0,3.698,2.638,0.439,0.427,1.019,79.3,-1.46,0,9
4.54,1.056,6.375,4.895,1.152,7.475,4.203,5.561,3.815,3.566,0.622,0.585,1.007,100.0,-8.49,1,9
4.278,1.025,7.05,3.385,0.953,7.72,6.149,3.825,4.538,3.477,0.606,0.414,0.961,59.6,0.93,0,7
3.29,0.917,10.741,3.113,0.9,10.658,3.0,4.908,3.531,5.411,0.486,0.481,0.959,62.5,6.67,1,6
3.774,0.924,5.0,4.979,1.063,8.447,4.063,4.619,4.346,5.954,0.577,0.2,0.969,55.1,-8.26,1,6
4.942,1.085,8.297,2.0,0.9,8.076,3.916,4.672,3.836,3.259,0.48,0.762,0.877,70.7,-5.4,0,7
3.721,0.983,10.418,3.117,0.942,10.037,3.61,5.435,4.226,3.458,0.54,0.605,1.118,82.9,-5.38,0,12
2.0,0.9,7.609,3.567,0.96,8.887,4.651,3.321,3.989,2.981,0.289,0.409,0.981,79.1,6.43,1,13
3.801,0.975,10.553,2.198,0.9,8.47,4.378,4.197,3.235,5.851,0.423,0.41,0.966,67.6,2.81,1,11
3.968,1.011,7.14,3.588,0.983,9.889,4.406,4.284,3.475,3.48,0.365,0.495,1.163,63.1,-5.71,0,9
3.859,0.954,10.449,4.579,1.031,8.564,4.004,4.977,2.5,4.255,0.702,0.523,0.898,72.3,4.59,1,7
4.614,1.132,9.531,5.793,1.153,8.744,4.747,3.064,3.517,4.424,0.693,0.654,1.148,93.4,1.28,1,8
4.342,0.971,10.723,3.988,0.99,8.129,5.884,3.47,2.5,4.148,0.621,0.631,0.904,93.4,5.04,1,11
2.654,0.9,6.22,4.336,0.995,10.912,5.482,4.278,4.524,4.88,0.387,0.377,1.14,63.8,0.47,0,9
5.139,1.081,6.919,2.39,0.91,8.172,5.791,3.202,5.453,4.438,0.462,0.409,1.0,56.7,-3.8,1,5
3.036,0.9,9.572,4.547,1.031,8.793,3.039,3.877,2.5,2.982,0.387,0.316,0.93,92.1,-4.11,0,3
2.79,0.908,8.374,3.795,0.957,8.95,6.179,3.934,4.086,3.931,0.494,0.505,0.938,59.2,-15.0,1,8
3.117,0.9,10.348,4.157,0.961,8.005,5.023,5.86,3.816,2.5,0.309,0.631,1.008,96.3,2.3,1,10
3.762,0.952,7.031,2.827,0.9,9.689,3.68,4.994,2.963,4.256,0.601,0.706,1.137,77.4,-0.05,0,10
4.749,1.161,10.055,4.541,1.038,8.579,6.128,5.311,4.338,2.565,0.382,0.546,1.039,71.3,-2.15,1,10
3.953,0.956,8.569,4.694,1.114,9.141,3.0,5.751,3.602,3.82,0.704,0.741,0.857,74.5,0.21,0,5
3.822,0.983,9.088,5.222,1.167,6.921,5.463,4.461,3.888,5.162,0.698,0.754,1.102,71.9,2.25,0,9
4.305,1.017,7.559,2.603,0.9,5.693,3.876,3.923,4.373,4.062,0.421,0.673,1.177,81.8,6.7,0,16
2.742,0.9,7.418,4.242,1.057,8.308,4.513,5.322,5.52,3.264,0.671,0.617,1.143,55.2,-9.18,0,10
3.482,0.978,8.554,3.515,0.988,8.188,3.169,5.942,2.5,4.739,0.458,0.435,0.918,63.9,-3.68,0,5
4.609,1.08,8.319,5.062,1.121,9.609,4.144,5.339,4.055,4.796,0.427,0.208,1.096,82.4,-4.6,1,7
2.475,0.9,10.248,3.19,0.9,7.485,3.757,3.0,2.655,4.025,0.375,0.591,1.007,80.0,4.81,1,10
3.655,0.9,9.834,3.922,1.041,9.673,4.777,4.051,2.985,4.045,0.593,0.4,1.019,85.6,6.33,1,11
3.902,0.966,7.017,3.493,0.909,10.72,3.592,4.535,4.586,3.404,0.533,0.551,0.993,55.3,-12.27,0,8
3.852,0.974,7.392,3.487,0.928,8.561,5.631,3.0,5.063,4.154,0.553,0.763,0.969,64.8,-10.96,0,2
2.696,0.917,7.865,4.588,0.989,5.207,5.006,5.379,3.366,2.5,0.529,0.532,1.137,75.2,10.41,0,6
3.561,0.979,6.213,2.856,0.913,9.007,3.29,5.655,3.417,3.796,0.452,0.492,0.996,67.8,6.13,0,5
3.636,0.941,11.481,4.494,1.069,11.543,6.092,3.598,4.054,4.791,0.401,0.457,0.922,59.1,7.95,0,4
4.607,1.087,8.872,4.895,1.104,8.828,3.977,4.385,3.174,4.483,0.477,0.677,1.02,74.2,-3.92,0,10
4.034,1.016,7.899,4.249,1.067,6.532,5.474,5.089,4.622,3.817,0.8,0.485,0.863,64.2,3.05,0,9
